-- --------------------------------------------------------
-- Хост:                         127.0.0.1
-- Версия сервера:               8.0.19 - MySQL Community Server - GPL
-- Операционная система:         Win64
-- HeidiSQL Версия:              10.3.0.5771
-- --------------------------------------------------------

/*!40101 SET @OLD_CHARACTER_SET_CLIENT=@@CHARACTER_SET_CLIENT */;
/*!40101 SET NAMES utf8 */;
/*!50503 SET NAMES utf8mb4 */;
/*!40014 SET @OLD_FOREIGN_KEY_CHECKS=@@FOREIGN_KEY_CHECKS, FOREIGN_KEY_CHECKS=0 */;
/*!40101 SET @OLD_SQL_MODE=@@SQL_MODE, SQL_MODE='NO_AUTO_VALUE_ON_ZERO' */;


-- Дамп структуры базы данных ma_project
CREATE DATABASE IF NOT EXISTS `ma_project` /*!40100 DEFAULT CHARACTER SET utf8mb4 COLLATE utf8mb4_general_ci */ /*!80016 DEFAULT ENCRYPTION='N' */;
USE `ma_project`;

-- Дамп структуры для таблица ma_project.categories
CREATE TABLE IF NOT EXISTS `categories` (
  `id` int NOT NULL AUTO_INCREMENT,
  `name_text_id` varchar(255) COLLATE utf8mb4_general_ci DEFAULT NULL,
  `google_id` varchar(255) COLLATE utf8mb4_general_ci DEFAULT NULL,
  `is_active_rest` tinyint(1) DEFAULT NULL,
  `default_rest_duration_id` int DEFAULT NULL,
  `default_rest_cost_id` int DEFAULT NULL,
  `default_company_size_id` int DEFAULT NULL,
  PRIMARY KEY (`id`),
  KEY `default_rest_duration_id` (`default_rest_duration_id`),
  KEY `default_rest_cost_id` (`default_rest_cost_id`),
  KEY `default_company_size_id` (`default_company_size_id`),
  CONSTRAINT `categories_ibfk_4` FOREIGN KEY (`default_rest_duration_id`) REFERENCES `durations` (`id`) ON UPDATE CASCADE,
  CONSTRAINT `categories_ibfk_5` FOREIGN KEY (`default_rest_cost_id`) REFERENCES `costs` (`id`) ON UPDATE CASCADE,
  CONSTRAINT `categories_ibfk_6` FOREIGN KEY (`default_company_size_id`) REFERENCES `company_sizes` (`id`) ON UPDATE CASCADE
) ENGINE=InnoDB AUTO_INCREMENT=16 DEFAULT CHARSET=utf8mb4 COLLATE=utf8mb4_general_ci;

-- Дамп данных таблицы ma_project.categories: ~15 rows (приблизительно)
/*!40000 ALTER TABLE `categories` DISABLE KEYS */;
INSERT INTO `categories` (`id`, `name_text_id`, `google_id`, `is_active_rest`, `default_rest_duration_id`, `default_rest_cost_id`, `default_company_size_id`) VALUES
	(1, 'restPlaceCategory.amusementPark', 'amusement_park', 1, 3, 3, 4),
	(2, 'restPlaceCategory.aquarium', 'aquarium', 0, 2, 2, 3),
	(3, 'restPlaceCategory.artGallery', 'art_gallery', 0, 2, 2, 3),
	(4, 'restPlaceCategory.bar', 'bar', 0, 2, 4, 3),
	(5, 'restPlaceCategory.cafe', 'cafe', 0, 2, 3, 3),
	(6, 'restPlaceCategory.library', 'library', 0, 3, 1, 1),
	(7, 'restPlaceCategory.movieTheater', 'movie_theater', 0, 3, 3, 3),
	(8, 'restPlaceCategory.museum', 'museum', 0, 3, 2, 3),
	(9, 'restPlaceCategory.nightClub', 'night_club', 0, 3, 4, 3),
	(10, 'restPlaceCategory.park', 'park', 1, 3, 1, 4),
	(11, 'restPlaceCategory.restaurant', 'restaurant', 0, 2, 5, 2),
	(12, 'restPlaceCategory.spa', 'spa', 0, 2, 5, 2),
	(13, 'restPlaceCategory.stadium', 'stadium', 1, 2, 1, 2),
	(14, 'restPlaceCategory.touristAttraction', 'tourist_attraction', 0, 2, 1, 3),
	(15, 'restPlaceCategory.zoo', 'zoo', 1, 2, 2, 3);
/*!40000 ALTER TABLE `categories` ENABLE KEYS */;

-- Дамп структуры для таблица ma_project.company_sizes
CREATE TABLE IF NOT EXISTS `company_sizes` (
  `id` int NOT NULL AUTO_INCREMENT,
  `name_text_id` varchar(255) COLLATE utf8mb4_general_ci DEFAULT NULL,
  PRIMARY KEY (`id`)
) ENGINE=InnoDB AUTO_INCREMENT=5 DEFAULT CHARSET=utf8mb4 COLLATE=utf8mb4_general_ci;

-- Дамп данных таблицы ma_project.company_sizes: ~4 rows (приблизительно)
/*!40000 ALTER TABLE `company_sizes` DISABLE KEYS */;
INSERT INTO `company_sizes` (`id`, `name_text_id`) VALUES
	(1, 'companySize.solo'),
	(2, 'companySize.little'),
	(3, 'companySize.medium'),
	(4, 'companySize.large');
/*!40000 ALTER TABLE `company_sizes` ENABLE KEYS */;

-- Дамп структуры для таблица ma_project.costs
CREATE TABLE IF NOT EXISTS `costs` (
  `id` int NOT NULL AUTO_INCREMENT,
  `name_text_id` varchar(255) COLLATE utf8mb4_general_ci DEFAULT NULL,
  PRIMARY KEY (`id`)
) ENGINE=InnoDB AUTO_INCREMENT=6 DEFAULT CHARSET=utf8mb4 COLLATE=utf8mb4_general_ci;

-- Дамп данных таблицы ma_project.costs: ~5 rows (приблизительно)
/*!40000 ALTER TABLE `costs` DISABLE KEYS */;
INSERT INTO `costs` (`id`, `name_text_id`) VALUES
	(1, 'restCost.free'),
	(2, 'restCost.inexpensive'),
	(3, 'restCost.moderate'),
	(4, 'restCost.expensive'),
	(5, 'restCost.veryExpensive');
/*!40000 ALTER TABLE `costs` ENABLE KEYS */;

-- Дамп структуры для таблица ma_project.durations
CREATE TABLE IF NOT EXISTS `durations` (
  `id` int NOT NULL AUTO_INCREMENT,
  `name_text_id` varchar(255) COLLATE utf8mb4_general_ci DEFAULT NULL,
  PRIMARY KEY (`id`)
) ENGINE=InnoDB AUTO_INCREMENT=4 DEFAULT CHARSET=utf8mb4 COLLATE=utf8mb4_general_ci;

-- Дамп данных таблицы ma_project.durations: ~3 rows (приблизительно)
/*!40000 ALTER TABLE `durations` DISABLE KEYS */;
INSERT INTO `durations` (`id`, `name_text_id`) VALUES
	(1, 'restDuration.low'),
	(2, 'restDuration.medium'),
	(3, 'restDuration.high');
/*!40000 ALTER TABLE `durations` ENABLE KEYS */;

-- Дамп структуры для таблица ma_project.rest_places
CREATE TABLE IF NOT EXISTS `rest_places` (
  `id` int NOT NULL AUTO_INCREMENT,
  `google_id` varchar(255) COLLATE utf8mb4_general_ci DEFAULT NULL,
  `name` varchar(255) COLLATE utf8mb4_general_ci DEFAULT NULL,
  `latitude` double DEFAULT NULL,
  `longitude` double DEFAULT NULL,
  `google_mean_rating` double DEFAULT '0',
  `google_reviews_count` int DEFAULT '0',
  `mean_rating` double DEFAULT '0',
  `reviews_count` int DEFAULT '0',
  `is_active_rest` tinyint(1) DEFAULT NULL,
  `rest_duration_id` int DEFAULT NULL,
  `rest_cost_id` int DEFAULT NULL,
  `company_size_id` int DEFAULT NULL,
  PRIMARY KEY (`id`),
  KEY `rest_duration_id` (`rest_duration_id`),
  KEY `rest_cost_id` (`rest_cost_id`),
  KEY `company_size_id` (`company_size_id`),
  CONSTRAINT `rest_places_ibfk_4` FOREIGN KEY (`rest_duration_id`) REFERENCES `durations` (`id`) ON UPDATE CASCADE,
  CONSTRAINT `rest_places_ibfk_5` FOREIGN KEY (`rest_cost_id`) REFERENCES `costs` (`id`) ON UPDATE CASCADE,
  CONSTRAINT `rest_places_ibfk_6` FOREIGN KEY (`company_size_id`) REFERENCES `company_sizes` (`id`) ON UPDATE CASCADE
) ENGINE=InnoDB AUTO_INCREMENT=293 DEFAULT CHARSET=utf8mb4 COLLATE=utf8mb4_general_ci;

-- Дамп данных таблицы ma_project.rest_places: ~263 rows (приблизительно)
/*!40000 ALTER TABLE `rest_places` DISABLE KEYS */;
INSERT INTO `rest_places` (`id`, `google_id`, `name`, `latitude`, `longitude`, `google_mean_rating`, `google_reviews_count`, `mean_rating`, `reviews_count`, `is_active_rest`, `rest_duration_id`, `rest_cost_id`, `company_size_id`) VALUES
	(1, 'ChIJQ8z67GhM0UARRW1S8UmJJxg', 'Роллердром Happy Land', 49.4372116, 32.01725560000001, 4.3, 383, 0, 0, 1, 3, 3, 4),
	(2, 'ChIJn88I6Vpg0UARdiWJ9bEtCx0', 'Парк розваг "Мадагаскар"', 49.4441879, 32.0648899, 4.6, 52, 0, 0, 1, 3, 3, 4),
	(3, 'ChIJj1W5GD9N0UARzdmWm419Q9w', '"Райський куточок" садиба-музей', 49.4839263, 31.9949762, 4.6, 134, 0, 0, 1, 3, 3, 4),
	(4, 'ChIJj39IKOlM0UAR90PXFHAbK04', 'Парк "Сосновий бор"', 49.4649728, 32.0285731, 4.7, 5556, 0, 0, 1, 3, 3, 4),
	(5, 'ChIJNUaYhA5N0UARTzUmEMh__Eo', 'Парк розваг Happy Land', 49.43722409999999, 32.01736129999999, 4.8, 4, 0, 0, 1, 3, 3, 4),
	(6, 'ChIJKzNDcwxL0UARevAdnYmWO78', 'Детский городок "Сказка"', 49.4330787, 32.09178200000001, 4.1, 106, 0, 0, 1, 3, 3, 4),
	(7, 'ChIJ2yvT0l1K0UARUHIfLC0iSYg', 'Спортохота', 49.40913349999999, 32.1300802, 4.1, 567, 0, 0, 1, 3, 3, 4),
	(8, 'ChIJn7RrMGNL0UARawKLCh1K_jY', 'ADA UKRAINE & BALTIC', 49.4463049, 32.0680985, 0, 0, 0, 0, 0, 2, 2, 3),
	(9, 'ChIJrQnfbH1L0UARZkkvyycQxiw', 'Cherkassy Bierstube', 49.4454727, 32.0626793, 4.3, 2010, 0, 0, 0, 2, 3, 3),
	(10, 'ChIJ0ctCH3FL0UARophE_zNQlgA', 'KIM BAR', 49.43865199999999, 32.0772172, 4.5, 1243, 0, 0, 0, 2, 3, 3),
	(11, 'ChIJZWcdsdBL0UARP2Oi9VBAN7w', 'Черкасская Бавария', 49.39753999999999, 32.060809, 4.4, 301, 0, 0, 0, 2, 3, 3),
	(12, 'ChIJwcTEMHpL0UARtklecyyt-0w', 'PitBull', 49.44089659999999, 32.0702683, 4.3, 997, 0, 0, 0, 2, 3, 3),
	(13, 'ChIJZTMGb4VM0UARYQAF4d9RI1g', 'Oskar', 49.44978159999999, 32.047608, 4.6, 1770, 0, 0, 0, 2, 3, 3),
	(14, 'ChIJNe3iQwxL0UARI78V4wMBL34', '1+1', 49.4341354, 32.092617, 4.3, 1246, 0, 0, 0, 2, 3, 3),
	(15, 'ChIJNSGwd_ZL0UARow1PIkGaU-c', 'Еліт-Бар', 49.4179261, 32.0293028, 4, 298, 0, 0, 0, 2, 3, 3),
	(16, 'ChIJ317OVqhL0UARRBDLZ_ZF_Lg', 'Пивний бар Соняшник', 49.423243, 32.095892, 4.4, 632, 0, 0, 0, 2, 3, 3),
	(17, 'ChIJSZneHH1L0UARD3S8RPkoOWg', 'Lounge&party bar "Гараж"', 49.444636, 32.0644321, 4, 612, 0, 0, 0, 2, 3, 3),
	(18, 'ChIJaSto-mtM0UAR0-j8bWsKX60', 'Форсаж', 49.4332566, 32.0147492, 3.9, 128, 0, 0, 0, 2, 3, 3),
	(19, 'ChIJNRaSDXxL0UAR4zMvDTlEOXA', 'barbecue meat', 49.4420983, 32.06513989999999, 4, 593, 0, 0, 0, 2, 3, 3),
	(20, 'ChIJLai-YoRM0UAR5ujEAH261jY', 'Багин', 49.4476819, 32.0522485, 2.7, 250, 0, 0, 0, 2, 3, 3),
	(21, 'ChIJYzTG-IFL0UARL0FavY_WmtQ', 'Паб-бар "Старый замок"', 49.4366893, 32.0592555, 3.8, 83, 0, 0, 0, 2, 3, 3),
	(22, 'ChIJsWmhGnBL0UAR5aAkHRSyctM', 'Solo Karaoke Club', 49.446647, 32.06334200000001, 4.1, 397, 0, 0, 0, 2, 3, 3),
	(23, 'ChIJc5mOj2JL0UARMqh0UID_VYM', 'Mirror', 49.4485865, 32.0659263, 3.9, 244, 0, 0, 0, 2, 3, 3),
	(24, 'ChIJOVaTsYVM0UARKwHaKGj_GUU', 'Vape Time', 49.44800069999999, 32.0487094, 4.7, 18, 0, 0, 0, 2, 2, 3),
	(25, 'ChIJCxGWT31L0UARsElSkLQWyCg', '1000+1 Ночь', 49.4464991, 32.0634209, 3.9, 340, 0, 0, 0, 2, 3, 3),
	(26, 'ChIJI53Fv6dL0UARjit8wjFJMCg', 'Мираж', 49.42550900000001, 32.091937, 3.8, 132, 0, 0, 0, 2, 3, 3),
	(27, 'ChIJV_ql46FL0UARu2-hrv5yA1k', 'Шашлик на Кривалівці', 49.42683599999999, 32.0769913, 4.2, 1488, 0, 0, 0, 2, 3, 3),
	(28, 'ChIJlQw_E7JL0UARwaidKh2-2o0', 'SYNDICATE, Гостинично-развлекательный комплекс', 49.4144444, 32.0927778, 3.6, 175, 0, 0, 0, 2, 3, 3),
	(29, 'ChIJq6oGKmVL0UARd2OWGcYf_RY', 'Ёрш', 49.4441995, 32.0739345, 4.3, 89, 0, 0, 0, 2, 2, 3),
	(30, 'ChIJkw1FuM5L0UARgcZPlF0-R9s', 'атмосфера', 49.4237419, 32.096673, 4.3, 15, 0, 0, 0, 2, 2, 3),
	(31, 'ChIJjxOJ5Y9M0UARK3k92MLCkX0', 'Korolevskyy Zamok', 49.45152599999999, 32.046945, 4.2, 53, 0, 0, 0, 2, 3, 3),
	(32, 'ChIJATmS8K9L0UARIi4b8IMho3k', 'Петровский', 49.4182042, 32.0862227, 4, 85, 0, 0, 0, 2, 3, 3),
	(33, 'ChIJAbsJvXJL0UARgu93hPanS-A', 'ЖИВА ДІЖКА', 49.42532909999999, 32.05510049999999, 3.8, 44, 0, 0, 0, 2, 2, 3),
	(34, 'ChIJszfjNXtL0UARkygCJ7dDcsQ', 'Рушничок', 49.4442324, 32.0714663, 4.2, 1037, 0, 0, 0, 2, 3, 3),
	(35, 'ChIJyTQOJ3hL0UARIK56OfPUeFw', 'Империя', 49.4361269, 32.0685805, 4, 1117, 0, 0, 0, 2, 3, 3),
	(36, 'ChIJVRk_hwlL0UARjxJE6594Zgg', 'Бар „Перехрестя“.', 49.4298391, 32.0904415, 4, 98, 0, 0, 0, 2, 3, 3),
	(37, 'ChIJ5QG1h5FL0UARZs4U6kYFrIY', '111 Party bar', 49.44535200000001, 32.062872, 4.3, 56, 0, 0, 0, 2, 2, 3),
	(38, 'ChIJh2Mu2D1L0UAR3ZqALDGhqUk', 'Zivot a pivo', 49.4440476, 32.0609146, 4.5, 836, 0, 0, 0, 2, 3, 3),
	(39, 'ChIJeQyGCYJM0UARZjgR35yo7vQ', 'Voice', 49.44377249999999, 32.0586842, 3.9, 354, 0, 0, 0, 2, 3, 3),
	(40, 'ChIJ10IGrlpL0UARTK29EI37_Rs', 'SkyBar', 49.4417701, 32.0647252, 4.1, 41, 0, 0, 0, 2, 2, 3),
	(41, 'ChIJAXANlAxM0UARu-qNwtfdYxo', 'JACOP\'S PUB&GRILL', 49.4233249, 32.0206092, 3.7, 34, 0, 0, 0, 2, 3, 3),
	(42, 'ChIJd7YYN0tL0UARHWmonJ0PJFY', 'Shashlychna M\'yaso', 49.4375547, 32.0766108, 4.4, 136, 0, 0, 0, 2, 2, 3),
	(43, 'ChIJw1fZX0dN0UARudKq3xH3o6k', 'Robinzon', 49.4870709, 31.99414700000001, 4.2, 575, 0, 0, 0, 2, 3, 3),
	(44, 'ChIJ_02FI_JN0UARGuwvefrSmag', 'Mushlya Bar / Мушля Бар', 49.44628909999999, 32.060253, 4.2, 87, 0, 0, 0, 2, 2, 3),
	(45, 'ChIJQx3QnpJL0UARh8mg6oknk9w', 'чесько-німецький паб "Zivot A Pivo"', 49.4444835, 32.06151539999999, 5, 3, 0, 0, 0, 2, 2, 3),
	(46, 'ChIJ5QJEEN1L0UARQcL2WEMiIpQ', 'Карамель', 49.40375, 32.0508134, 4.2, 192, 0, 0, 0, 2, 3, 3),
	(47, 'ChIJq5K751JK0UARuLxyMVr2Qdc', 'Uyut', 49.4144491, 32.1030534, 3.4, 156, 0, 0, 0, 2, 3, 3),
	(48, 'ChIJDxwtA31L0UARK_HIND1oIvI', 'lounge&party bar Garage', 49.4447195, 32.06430239999999, 4, 5, 0, 0, 0, 2, 2, 3),
	(49, 'ChIJ0Z-bumRL0UAR8UyK7Ykx5EA', 'Пивас', 49.4455171, 32.0720261, 4.5, 393, 0, 0, 0, 2, 3, 3),
	(50, 'ChIJ9TGusXtL0UARkVXNZCDHL3g', 'Пивная ресторация Колбасофф', 49.441626, 32.069821, 4.3, 1378, 0, 0, 0, 2, 3, 3),
	(51, 'ChIJ5ZY9gclL0UARICEv1cj2NZM', 'TRUE BAR', 49.4427604, 32.06248429999999, 4.5, 49, 0, 0, 0, 2, 2, 3),
	(52, 'ChIJ1UG5-plL0UARNmhxUp5ro5k', 'Beer Bank', 49.4226999, 32.098226, 4.7, 324, 0, 0, 0, 2, 4, 3),
	(53, 'ChIJzS1xsvhN0UAROib1huCxTzc', 'Пивас', 49.4377651, 32.0007583, 0, 0, 0, 0, 0, 2, 2, 3),
	(54, 'ChIJa90IoBNM0UARKJ8IR2uNzQM', 'Café Liubava', 49.4268594, 32.01057400000001, 2.1, 28, 0, 0, 0, 2, 2, 3),
	(55, 'ChIJ64LfWXlL0UAR6h1mZB1nzlM', 'Beer House', 49.4405456, 32.0655594, 5, 5, 0, 0, 0, 2, 2, 3),
	(56, 'ChIJIbc_7KNL0UARt65Cy3Wbz4o', 'Пив бар "Марс"', 49.4236466, 32.0807247, 3.3, 4, 0, 0, 0, 2, 2, 3),
	(57, 'ChIJ31p2iHxL0UAR6lpJx2Z3jpM', 'Nice 2 Meet You', 49.44330300000001, 32.066384, 4.5, 1123, 0, 0, 0, 2, 3, 3),
	(58, 'ChIJS0JC149M0UAR75TY0CXWvBo', 'Caffeine', 49.45231400000001, 32.045766, 4.6, 886, 0, 0, 0, 2, 3, 3),
	(59, 'ChIJccAhQ35L0UAR4c5VPie-6nc', 'Servant еда & люди', 49.441126, 32.05857900000001, 4.5, 1393, 0, 0, 0, 2, 3, 3),
	(60, 'ChIJ14_J6n1L0UAR9aOnS-Yqv1Q', 'Fika. Скандинавське кафе.', 49.4437727, 32.0605141, 4.4, 1018, 0, 0, 0, 2, 3, 3),
	(61, 'ChIJz93jTX1L0UAR4qT9I_LpKMI', 'Cat Cafe', 49.446444, 32.063396, 4.6, 579, 0, 0, 0, 2, 3, 3),
	(62, 'ChIJbVJHdH1L0UARWULadvIq1bI', 'loft-cafe "Hello Burger"', 49.4449815, 32.0620617, 4.4, 1779, 0, 0, 0, 2, 4, 3),
	(63, 'ChIJsYNsSx5N0UAR7GpDWXboMfs', 'Кафе-Бар "Дюжина"', 49.46183569999999, 32.02719689999999, 4.2, 383, 0, 0, 0, 2, 3, 3),
	(64, 'ChIJp6Ka13tL0UARRhsyy3FssFA', 'Вареничная', 49.4402778, 32.06777779999999, 4.4, 1155, 0, 0, 0, 2, 3, 3),
	(65, 'ChIJcchkdxJL0UAR6SKy5e0-oms', 'Кофейня', 49.4372506, 32.0960359, 4.4, 916, 0, 0, 0, 2, 3, 3),
	(66, 'ChIJl_MW-sJL0UARmuz1Ic0ST2k', 'Кафе-Бар " Черепаха"', 49.4058244, 32.0535005, 3.9, 303, 0, 0, 0, 2, 3, 3),
	(67, 'ChIJB1bxbXxL0UARuJpMZoZ3_jg', 'Lviv Croissants', 49.442468, 32.06556909999999, 4.6, 1828, 0, 0, 0, 2, 3, 3),
	(68, 'ChIJyZqRQ_dL0UARRR0sLwh8Rqo', 'Kafe-Bar Rustavi', 49.41384540000001, 32.0284101, 4, 213, 0, 0, 0, 2, 3, 3),
	(69, 'ChIJiZhynH1L0UARUcXnVQzQgag', 'Чашка', 49.4444948, 32.0615431, 4.4, 1090, 0, 0, 0, 2, 3, 3),
	(70, 'ChIJj45Om35L0UARADqXRkVS1yA', 'Botanica', 49.4417957, 32.0622504, 4.5, 356, 0, 0, 0, 2, 3, 3),
	(71, 'ChIJOwLf4XxL0UARESC6B4R6J_c', 'Habibi cafe-bar', 49.4449972, 32.0649807, 4.1, 555, 0, 0, 0, 2, 3, 3),
	(72, 'ChIJSxfj06dL0UARD_TurNLtSAc', 'Hrazhda Korchma', 49.4243248, 32.0924478, 4.4, 308, 0, 0, 0, 2, 3, 3),
	(73, 'ChIJP7Ng2nBL0UARBDFNEUdoHso', 'Молинари', 49.43841490000001, 32.0755387, 4.3, 629, 0, 0, 0, 2, 3, 3),
	(74, 'ChIJs5bWHX1L0UARkAZVAIDO49s', 'Сантімо', 49.4449036, 32.0646055, 4.3, 697, 0, 0, 0, 2, 3, 3),
	(75, 'ChIJXytbOntL0UAR4ZbSCH5dUpI', 'Cafe "Атмосфера"', 49.4438435, 32.07168669999999, 4.3, 431, 0, 0, 0, 2, 3, 3),
	(76, 'ChIJzUl9HzVL0UARNxreKwr1oig', 'Chaplin\'s Cafe', 49.4386245, 32.0684462, 4.6, 104, 0, 0, 0, 2, 3, 3),
	(77, 'ChIJT51IdnlL0UARHof3Bl9mFi0', 'Western', 49.4393806, 32.0673599, 4.5, 889, 0, 0, 0, 2, 3, 3),
	(78, 'ChIJxRlyHn1L0UARKikMTTUSVeI', 'Street Cafe', 49.444967, 32.0647967, 3.5, 15, 0, 0, 0, 2, 2, 3),
	(79, 'ChIJSeUiLGpM0UARo9XT4ajE65s', 'Kafe-Bar "Yaroslavsʹkyy"', 49.433701, 32.01276089999999, 4.1, 87, 0, 0, 0, 2, 2, 3),
	(80, 'ChIJDRmGOIJM0UARtkczMQjy3tM', '#SELFIE COFFEE', 49.444934, 32.0566357, 4.4, 129, 0, 0, 0, 2, 3, 3),
	(81, 'ChIJSwrpBQpL0UARR2NeSA_orj4', 'Ліберті', 49.4286943, 32.0877157, 3.9, 634, 0, 0, 0, 2, 3, 3),
	(82, 'ChIJiYT_3IJM0UAR2ppbPpy_djs', 'Домино', 49.44832399999999, 32.0575942, 3.8, 564, 0, 0, 0, 2, 2, 3),
	(83, 'ChIJsx3shYJM0UARPHmRLYJf60U', 'Ярославна', 49.44578500000001, 32.059955, 4.2, 165, 0, 0, 0, 2, 3, 3),
	(84, 'ChIJFc3Q-45L0UARYIRRDU4DGZQ', 'ДОМАШНЯ КУХНЯ', 49.425261, 32.048558, 4.1, 77, 0, 0, 0, 2, 2, 3),
	(85, 'ChIJQ2JkvNVL0UAR5NEzAzRLbbM', 'Кафе Галушка', 49.4277783, 32.08251320000001, 4.4, 21, 0, 0, 0, 2, 2, 3),
	(86, 'ChIJSQAaRotL0UARNODcAtIks2c', 'У Бычка', 49.4216572, 32.0384144, 3.7, 33, 0, 0, 0, 2, 2, 3),
	(87, 'ChIJW4ydpbJL0UARhHcMsBQKbyY', 'Каспій', 49.413376, 32.0976151, 4, 227, 0, 0, 0, 2, 3, 3),
	(88, 'ChIJPxYuHH1L0UARJJidQj71ckw', 'Santimo Panorama', 49.4449468, 32.06460310000001, 4.5, 71, 0, 0, 0, 2, 2, 3),
	(89, 'ChIJC1bet-tM0UAREV79nsZKX5k', 'Бочка', 49.46338559999999, 32.0364639, 3.9, 936, 0, 0, 0, 2, 4, 3),
	(90, 'ChIJXWjWp3xL0UAR9eeYrg7Y8_8', 'Баку', 49.4445612, 32.0693017, 3.4, 194, 0, 0, 0, 2, 3, 3),
	(91, 'ChIJJeOhnuhM0UARryC4EO_Ijvo', 'Дача', 49.46565509999999, 32.0274713, 4.2, 346, 0, 0, 0, 2, 3, 3),
	(92, 'ChIJ4eWtK3FL0UAR5nLx5ch2eeY', 'Палатин', 49.4377884, 32.0759904, 4.3, 200, 0, 0, 0, 2, 3, 3),
	(93, 'ChIJdcQTe4JM0UARVuRBISgpQz0', 'Львовская мастерская шоколада', 49.4450977, 32.0589718, 4.5, 1119, 0, 0, 0, 2, 3, 3),
	(94, 'ChIJGQCnC55L0UARu9tdSQLtxHk', 'Кафе "Стефані"', 49.443419, 32.070033, 4.7, 302, 0, 0, 0, 2, 2, 3),
	(95, 'ChIJaYhk-WxM0UARPekqppfpHTs', 'Bakery пекарня-кав\'ярня', 49.42939940000001, 32.01638260000001, 4.7, 204, 0, 0, 0, 2, 3, 3),
	(96, 'ChIJZ9woR6hL0UARFFDmHHhad9M', 'Cult Coffee', 49.4420122, 32.0637864, 4.2, 130, 0, 0, 0, 2, 3, 3),
	(97, 'ChIJea_SRoJM0UAR-w1FCpoWxLs', 'Час поїсти, Черкаси', 49.4450639, 32.0569467, 4, 1854, 0, 0, 0, 2, 2, 3),
	(98, 'ChIJbwkFXXlL0UAR6Y2BSInHhLA', 'Coffee Klatch', 49.4401036, 32.0659859, 4.5, 89, 0, 0, 0, 2, 2, 3),
	(99, 'ChIJVTePRoJM0UARCJFvL3TPMC0', 'Frans.ua', 49.445173, 32.05695040000001, 4.1, 477, 0, 0, 0, 2, 3, 3),
	(100, 'ChIJK25wRndL0UARcEY5xzGOOKg', 'Мармелад', 49.4381418, 32.0720971, 4, 47, 0, 0, 0, 2, 2, 3),
	(101, 'ChIJf4Bx1Q9L0UARfi7al2Z-GgQ', 'Parus', 49.4350338, 32.1020686, 3.9, 91, 0, 0, 0, 2, 3, 3),
	(102, 'ChIJD2yZ5nxL0UARQB25_DTjlnU', 'Час поїсти, ТРЦ "Хрещатик-Сіті"', 49.4446181, 32.06430779999999, 3.9, 867, 0, 0, 0, 2, 3, 3),
	(103, 'ChIJ5y1vRX1L0UARtrxepD4pgjM', 'Кофейник Кавярня', 49.4463061, 32.0632409, 4.7, 349, 0, 0, 0, 2, 3, 3),
	(104, 'ChIJXw5r94BM0UARZP3w8odh2BE', 'Vynohrad', 49.44135439999999, 32.0509779, 4.3, 48, 0, 0, 0, 2, 3, 3),
	(105, 'ChIJZ4_MpNtN0UARX6qCYMxW4MU', 'Кофейня " The Room "', 49.4461662, 32.0605329, 4.5, 362, 0, 0, 0, 2, 3, 3),
	(106, 'ChIJOVaTsYVM0UARAC4gi5fjUSI', 'Raj Indian Food', 49.447992, 32.0485904, 4.5, 146, 0, 0, 0, 2, 3, 3),
	(107, 'ChIJ5-RJW3xL0UARN9TE1fnT380', 'Unicorn Coffee', 49.4426745, 32.0653312, 4.4, 82, 0, 0, 0, 2, 2, 3),
	(108, 'ChIJA4lU0h9N0UARNZThXjSU_HA', 'Лесной', 49.471277, 32.0133786, 4.3, 205, 0, 0, 0, 2, 3, 3),
	(109, 'ChIJ0XqdiAxL0UARL79kne6SIc8', 'Mini coffee Sova', 49.4339281, 32.0900974, 4.6, 159, 0, 0, 0, 2, 3, 3),
	(110, 'ChIJPY_WxdZL0UARJpAjIdoyUoY', 'FUGU to go!', 49.4069924, 32.0473318, 4.5, 97, 0, 0, 0, 2, 2, 3),
	(111, 'ChIJUwLQcHFL0UARRyqQJL985GM', 'Aroma Kava', 49.44185909999999, 32.0626867, 4.4, 471, 0, 0, 0, 2, 3, 3),
	(112, 'ChIJEy582MtL0UARJ3zkzISTLlg', 'SODA city cafe', 49.44209000000001, 32.0651377, 4.4, 324, 0, 0, 0, 2, 3, 3),
	(113, 'ChIJDRLLz35L0UARC_ItjvlNEVY', 'Кафе “Mondrian”', 49.4377276, 32.0703186, 4.4, 14, 0, 0, 0, 2, 2, 3),
	(114, 'ChIJcaxOm9BL0UARld_34BqWpeM', 'Kafe-Bar "Kapkan"', 49.3988664, 32.0615921, 4.1, 88, 0, 0, 0, 2, 3, 3),
	(115, 'ChIJd1W5sHtL0UAR9C-Fg6WaaKg', 'Чебуречна', 49.450059, 32.0539429, 4.2, 684, 0, 0, 0, 2, 2, 3),
	(116, 'ChIJJzI_o6tL0UARvGdLofpmi-U', 'Дейзи', 49.41898510000001, 32.1002344, 2.6, 20, 0, 0, 0, 2, 2, 3),
	(117, 'ChIJ-yNpZb5L0UAR6KSuro6IRuo', 'Coffee to Go', 49.4167195, 32.0675495, 4.8, 50, 0, 0, 0, 2, 2, 3),
	(118, 'ChIJzfPjT2RL0UARUucPtErTrO4', 'Шо там?', 49.4301699, 32.0834839, 4.9, 146, 0, 0, 0, 2, 3, 3),
	(119, 'ChIJj7qA-wlL0UARLpGTL0hOjyo', 'Корчма', 49.4282124, 32.0890318, 4, 86, 0, 0, 0, 2, 2, 3),
	(120, 'ChIJ9xUc2mJL0UARC-w-Ur62jEg', 'Областная государственная библиотека', 49.4473542, 32.062684, 4.6, 10, 0, 0, 0, 3, 3, 1),
	(121, 'ChIJE0BZaHxL0UARZUZoIQcftKg', 'Библиотека имени Леси Украинки', 49.4430082, 32.0649195, 4.5, 6, 0, 0, 0, 3, 3, 1),
	(122, 'ChIJW7fpFoNM0UARqTYQIQN_WxY', 'Cherkasy Regional Children\'s Library', 49.44752690000001, 32.0567027, 4.8, 9, 0, 0, 0, 3, 3, 1),
	(123, 'ChIJ-8dtiX1L0UAROlNLRs7G-Go', 'Областная библиотека для юношества имени Василия Симоненко', 49.437243, 32.05830799999999, 4.4, 10, 0, 0, 0, 3, 3, 1),
	(124, 'ChIJe4b5oKBL0UARG_lUJOd6WFI', 'Central City Library for children', 49.4285236, 32.0864749, 5, 4, 0, 0, 0, 3, 3, 1),
	(125, 'ChIJq6q6PIFM0UARbr_T_iTdhnI', 'Cherkasʹka Oblasna Naukova Medychna Biblioteka', 49.4430538, 32.0505809, 5, 3, 0, 0, 0, 3, 3, 1),
	(126, 'ChIJrfU6SUFM0UAR3zSFkaD8GmI', 'Библиотека для детей, филиал №4', 49.436918, 32.00130100000001, 0, 0, 0, 0, 0, 3, 3, 1),
	(127, 'ChIJf649Br1L0UAR5rTJWYBrOuU', 'Library Branch №2, adult', 49.4106209, 32.0583867, 4.8, 4, 0, 0, 0, 3, 3, 1),
	(128, 'ChIJlzWox5FM0UARJHYU9ps3RHY', 'Naukova Biblioteka Imeni Mykhayla Maksymovycha Cherkasʹkoho Natsionalʹnoho Universytetu', 49.4540099, 32.04526569999999, 4.5, 4, 0, 0, 0, 3, 3, 1),
	(129, 'ChIJib1Lvg1M0UARQrafl3_U7yQ', 'Dytyacha Biblioteka', 49.4237585, 32.0160789, 0, 0, 0, 0, 0, 3, 3, 1),
	(130, 'ChIJiQmOonFL0UARf8vnOXHUX2Q', 'Бібліотека-філія № 5', 49.43968599999999, 32.08023359999999, 0, 0, 0, 0, 0, 3, 3, 1),
	(131, 'ChIJOwm45KtL0UARa1U85_NFuUs', 'Бібліотека-філія №4, для дорослих', 49.420066, 32.09840190000001, 0, 0, 0, 0, 0, 3, 3, 1),
	(132, 'ChIJQxLfGnxL0UARpN3fzwKuvgs', 'Naukovo-Tekhnichna Biblioteka Khimichnoho Kompleksu Ukrayiny', 49.44169300000001, 32.06441, 5, 1, 0, 0, 0, 3, 3, 1),
	(133, 'ChIJBa-mSYJM0UARqW8G2P3G_lI', 'Multiplex Любава', 49.444981, 32.056047, 4.6, 5937, 0, 0, 0, 3, 3, 3),
	(134, 'ChIJdRLf3XRL0UAR72OgLfBqmRc', 'Multiplex Dnipro Plaza', 49.43480450000001, 32.09138590000001, 4.5, 2299, 0, 0, 0, 3, 3, 3),
	(135, 'ChIJ8SRhcXxL0UAR-hjrrZUi9YQ', 'Cinema Ukraine', 49.44218739999999, 32.0664493, 4, 1006, 0, 0, 0, 3, 3, 3),
	(136, 'ChIJY0QbP4NM0UARMKBQawgTEF8', 'Салют', 49.44799949999999, 32.05673909999999, 3.8, 114, 0, 0, 0, 3, 3, 3),
	(137, 'ChIJ_1aXLb5L0UARbJ5gId2PXmE', 'Godzilla Cinema Hall', 49.44495509999999, 32.0653173, 3.7, 20, 0, 0, 0, 3, 3, 3),
	(138, 'ChIJ0c-mXs5L0UARjlayTRqgYNo', 'Домашний кинотеатр Черкассы', 49.4295523, 32.0958138, 0, 0, 0, 0, 0, 3, 3, 3),
	(139, 'ChIJVz99MZ1M0UARZMIzlNidcmA', 'Черкасский областной краеведческий музей', 49.4483307, 32.06101039999999, 4.5, 731, 0, 0, 0, 3, 3, 3),
	(140, 'ChIJdyHdm3tL0UAR735xLQCcOaQ', 'Черкасский областной художественный музей', 49.442315, 32.068348, 4.5, 350, 0, 0, 0, 3, 3, 3),
	(141, 'ChIJB6IMn4JM0UARqNLaWeBj3Ts', 'Музей «Кобзаря» Т. Г. Шевченко', 49.44616540000001, 32.0613458, 4.6, 75, 0, 0, 0, 3, 3, 3),
	(142, 'ChIJ31p2iHxL0UARCs6UdtEX7ag', 'Музей Василия Симоненко', 49.4432796, 32.06663, 4.8, 18, 0, 0, 0, 3, 3, 3),
	(143, 'ChIJ31p2iHxL0UARg0BHkjWOYMk', 'Галерея Народного Искуства', 49.4431769, 32.0666027, 4.2, 6, 0, 0, 0, 3, 3, 3),
	(144, 'ChIJkdVuCEVN0UARFYvWPgCim_U', 'Patriotychnyy Muzey Ato', 49.4546171, 32.03056769999999, 5, 3, 0, 0, 0, 3, 3, 3),
	(145, 'ChIJYdKCYnxL0UAR-x05BsrKdVo', 'Museum room "Work office of Vasyl Symonenko"', 49.4433564, 32.06641609999999, 4, 1, 0, 0, 0, 3, 3, 3),
	(146, 'ChIJ5xG5OYJM0UARmBsiEbBVYcw', 'Manhattan', 49.4453707, 32.05664569999999, 3.8, 152, 0, 0, 0, 3, 4, 3),
	(147, 'ChIJP5dr64RM0UARGDB_iX2OmtQ', 'REFLECTION', 49.44861479999999, 32.052498, 2.9, 119, 0, 0, 0, 3, 3, 3),
	(148, 'ChIJzUSI9n5L0UARS8cdU8JXjBk', 'Клуб X-Level', 49.44087949999999, 32.05977689999999, 4, 23, 0, 0, 0, 3, 3, 3),
	(149, 'ChIJrQnfbH1L0UARVDXgB7mjjs0', 'Фьюжн клуб 111', 49.4453531, 32.0627403, 3.4, 50, 0, 0, 0, 3, 3, 3),
	(150, 'ChIJDa_f3XRL0UARjNRN5d9-P9w', 'Космос Боулінг на Митниці', 49.4346292, 32.0907588, 4.3, 975, 0, 0, 0, 3, 3, 3),
	(151, 'ChIJHV8jDvdM0UAR07gjRMmZK5U', 'Navchalʹno-Praktychnyy Avtotsentr', 49.454085, 32.015597, 3.7, 3, 0, 0, 0, 3, 3, 3),
	(152, 'ChIJExNUIVpK0UARLIozwutXzdo', 'Sportokhota', 49.409504, 32.1284611, 4.2, 562, 0, 0, 0, 3, 4, 3),
	(153, 'ChIJc34L9n5L0UARJvW8Tb_jXdg', 'Xlevel', 49.4407857, 32.0598207, 3.1, 16, 0, 0, 0, 3, 3, 3),
	(154, 'ChIJ4yK343JL0UARGxvKWACkCrQ', 'Politekhnik', 49.4373245, 32.0866121, 0, 0, 0, 0, 0, 3, 3, 3),
	(155, 'ChIJYXibv51M0UAR_jFWM3xNM7w', 'Долина Роз', 49.4509332, 32.0650497, 4.6, 5768, 0, 0, 1, 3, 3, 4),
	(156, 'ChIJ88VtwPdL0UARYLz8Rvx8U18', 'Парк Перемоги', 49.415062, 32.0256151, 4.5, 3650, 0, 0, 1, 3, 3, 4),
	(157, 'ChIJfwmOvWJL0UAR4FsThPRtJwk', 'Парк ім. Богдана Хмельницького', 49.4474199, 32.065316, 4.6, 1028, 0, 0, 1, 3, 3, 4),
	(158, 'ChIJK7FPHOhL0UARHP9C0zQzeuo', 'парк Химиков', 49.4067981, 32.0507784, 4.1, 1898, 0, 0, 1, 3, 3, 4),
	(159, 'ChIJ8YoOZoNM0UAR06gqIGQzEAs', 'Дитячий парк', 49.4479637, 32.05508869999999, 4.2, 430, 0, 0, 1, 3, 3, 4),
	(160, 'ChIJD4JL9oFL0UAROalLMjRJx1M', 'Cathedral Park', 49.4363385, 32.0587955, 4, 438, 0, 0, 1, 3, 3, 4),
	(161, 'ChIJ2SohcwxL0UARI8dnLBJT4W8', 'Сказка', 49.43322359999999, 32.0917658, 4.3, 540, 0, 0, 1, 3, 3, 4),
	(162, 'ChIJHf8DpRNL0UARwu-pyWICxyY', 'Cherkasʹka Naberezhna', 49.4398362, 32.0989453, 4.4, 2459, 0, 0, 1, 3, 3, 4),
	(163, 'ChIJ2YzqDHRL0UARbnOP16l1JHE', 'Sosnovyy Hay', 49.4590828, 32.0335467, 4.7, 1292, 0, 0, 1, 3, 3, 4),
	(164, 'ChIJW--X1adN0UAR5-8hjVm5gbM', 'Park "Lisova Pisnya"', 49.4586254, 32.0234517, 5, 3, 0, 0, 1, 3, 3, 4),
	(165, 'ChIJRSiQwh1N0UARiMeVCUd6mCI', 'Sosnivs\'kyi Park', 49.46885700000001, 32.0086974, 4.6, 71, 0, 0, 1, 3, 3, 4),
	(166, 'ChIJ8aswfH1L0UARSouYj2FbWVc', 'Сквер по вул. Хрещатик', 49.44544819999999, 32.0610378, 4.5, 501, 0, 0, 1, 3, 3, 4),
	(167, 'ChIJ7Tx2Ep1M0UARZbWutI-uLV4', 'Родина Мать', 49.4494283, 32.0628165, 4.7, 157, 0, 0, 1, 3, 3, 4),
	(168, 'ChIJAfxKfH1L0UARsQ2krRZUOqc', 'Singing fountain', 49.4454848, 32.0610261, 4.3, 121, 0, 0, 1, 3, 3, 4),
	(169, 'ChIJw63b-PpM0UARnC94aCv1mh0', 'Sportyvnyy', 49.45944410000001, 32.0148793, 4.5, 37, 0, 0, 1, 3, 3, 4),
	(170, 'ChIJqUvj3u1M0UARXdhI0zqNPto', 'Zelenyy Hay', 49.4593429, 32.0291928, 4.9, 9, 0, 0, 1, 3, 3, 4),
	(171, 'ChIJ38doEp1M0UARva-__4mHdTk', 'Batʹkivshchyna-Maty', 49.4493772, 32.0627686, 4.8, 10, 0, 0, 1, 3, 3, 4),
	(172, 'ChIJp3ko-I1L0UARcLDuibee7rM', 'Botanichnyy Sad Cherkasʹkoho Natsionalʹnoho Universytetu', 49.42819549999999, 32.0577813, 3.5, 6, 0, 0, 1, 3, 3, 4),
	(173, 'ChIJ3z_mlJ1M0UARb1vv5bu_pCw', 'Фонтан', 49.4503552, 32.0643461, 4.7, 33, 0, 0, 1, 3, 3, 4),
	(174, 'ChIJ9xKmWoVL0UARCFZyHee0Z4Y', 'Dendropark Universytetu Im. Bohdana Khmelʹnytsʹkoho', 49.4273698, 32.0562273, 4.3, 4, 0, 0, 1, 3, 3, 4),
	(175, 'ChIJszkikg5L0UARxIFRz6-skbw', 'Park "Molodizhnyy"', 49.44705159999999, 32.0712523, 1, 1, 0, 0, 1, 3, 3, 4),
	(176, 'ChIJb5KetIVM0UARrFmo9PNBUGA', 'Turolandiya', 49.4479777, 32.04857490000001, 5, 1, 0, 0, 1, 3, 3, 4),
	(177, 'ChIJ4bFDgKu21kARgH6VtRCNMxw', 'Sadovyy Kooperatyv "Khimik"', 49.539535, 32.1854293, 4.4, 34, 0, 0, 1, 3, 3, 4),
	(178, 'ChIJOVPDOWVM0UAR6hn0I0xa6Fs', 'Square "Sunny"', 49.4368759, 32.0287222, 4.1, 69, 0, 0, 1, 3, 3, 4),
	(179, 'ChIJ3fI34X1M0UARBKPyab1dJjg', 'Skver "Druzhba"', 49.4406213, 32.044111, 4.3, 22, 0, 0, 1, 3, 3, 4),
	(180, 'ChIJ8ZLj5cJL0UARBDIat4bFejA', 'Skver "V\'yacheslava Chornovola"', 49.4064099, 32.054486, 3.7, 11, 0, 0, 1, 3, 3, 4),
	(181, 'ChIJRZ05RpFL0UARVu67mm8crWM', 'Skver "Vesnyanyy"', 49.4215072, 32.0585847, 2.8, 6, 0, 0, 1, 3, 3, 4),
	(182, 'ChIJK-pBcQ5L0UARzAdm_dgd3ec', 'Skver "Dniprovsʹkyy"', 49.43478629999999, 32.0973155, 4.5, 13, 0, 0, 1, 3, 3, 4),
	(183, 'ChIJm8oL9UBL0UARMMm41qCBfkg', 'Terni Monument', 49.444433, 32.059767, 0, 0, 0, 0, 1, 3, 3, 4),
	(184, 'ChIJ8UUvWnNL0UARIvJsv9XOcp4', 'Skver "Im. Serzhanta Smirnova"', 49.4350124, 32.0854773, 4.2, 44, 0, 0, 1, 3, 3, 4),
	(185, 'ChIJY3gHiQ1L0UARSJD48CIaq_Y', 'Skver "Kozatsʹkyy"', 49.4368916, 32.0958821, 4, 1, 0, 0, 1, 3, 3, 4),
	(186, 'ChIJR99RTHpL0UARHhwr1PfNMts', 'Сквер имени Василия Симоненка', 49.4411964, 32.0704723, 4.4, 12, 0, 0, 1, 3, 3, 4),
	(187, 'ChIJU78gs-ZM0UARys5SXKk9n9A', 'Terytoriya Botanichnoyi Pam\'yatky "Landshaftne Nasadzhennya Duba"', 49.4673107, 32.0193053, 4.5, 4, 0, 0, 1, 3, 3, 4),
	(188, 'ChIJgwMExXRL0UAR34Yxe_PullQ', 'Park Imeni Serzhanta Smirnova', 49.4333334, 32.0833184, 0, 0, 0, 0, 1, 3, 3, 4),
	(189, 'ChIJjXPTm_lL0UARH1n88rxQwzo', 'Yarko lounge-bar', 49.4197015, 32.10081700000001, 5, 1, 0, 0, 1, 3, 3, 4),
	(190, 'ChIJNYY9bNhN0UARo6YhaRHq7dg', 'Мемориальный комплекс воинам-интернационалистам', 49.4461819, 32.05652649999999, 0, 0, 0, 0, 1, 3, 3, 4),
	(191, 'ChIJ-xnUjXJN0UAREPl0OZRXGD8', 'Dakhnivs\'kyi Lisopark', 49.4808915, 31.9855102, 0, 0, 0, 0, 1, 3, 3, 4),
	(192, 'ChIJOaNqiBlN0UARwC-YqsslF00', 'Площадь Славы', 49.4479807, 32.05882109999999, 3, 1, 0, 0, 1, 3, 3, 4),
	(193, 'ChIJ3TE_nx5L0UARLnAHmzthUtc', 'тм Прокоптим производство коптилень для дома и для бизнеса', 49.414637, 32.1115551, 4.8, 5, 0, 0, 1, 3, 3, 4),
	(194, 'ChIJaX-yKxJL0UARA8WouVp9W-0', 'Faro del Porto', 49.4382244, 32.1004119, 4.5, 1663, 0, 0, 0, 2, 3, 2),
	(195, 'ChIJA0fJC4NM0UARa0sK7RT1XYc', 'БУБА Хінкальна', 49.4467729, 32.0553647, 4.5, 2681, 0, 0, 0, 2, 3, 2),
	(196, 'ChIJt5pEAO1M0UARUsVILM2BY2w', 'Форест', 49.45900280000001, 32.03373989999999, 4.5, 1392, 0, 0, 0, 2, 4, 2),
	(197, 'ChIJUd_uwH1L0UARInSFuc2N-uQ', 'Стумарі', 49.4436659, 32.0606968, 4.6, 1077, 0, 0, 0, 2, 3, 2),
	(198, 'ChIJL8sUe-lM0UAR4MJuWmODSjw', 'Victoria Garden', 49.4639651, 32.0342474, 4.4, 352, 0, 0, 0, 2, 3, 2),
	(199, 'ChIJWVKumX1L0UARfKhvgb8V-HM', 'Варенична Балувана Галя ( вулиця Лазарєва, 4 Черкаси )', 49.4443582, 32.061377, 4.4, 1348, 0, 0, 0, 2, 3, 2),
	(200, 'ChIJLfI8wadL0UAR0hFyaJRt9oU', 'Тарас & Остап Бульба', 49.425198, 32.092194, 4.4, 1406, 0, 0, 0, 2, 3, 2),
	(201, 'ChIJQxLfGnxL0UARZzevoRtIFTE', 'Йоши', 49.44190889999999, 32.06493889999999, 4.6, 774, 0, 0, 0, 2, 4, 2),
	(202, 'ChIJM_K433lL0UAR6mvuObePuOI', 'Ресторан "Соборний"', 49.4361284, 32.0743032, 4.4, 327, 0, 0, 0, 2, 3, 2),
	(203, 'ChIJE0BZaHxL0UARNkZHNp2vVDY', 'Коктейль', 49.44251999999999, 32.065499, 4.2, 430, 0, 0, 0, 2, 3, 2),
	(204, 'ChIJn4CL5HZL0UARwCLE_GdALFk', 'Vano', 49.4360616, 32.0742799, 4.5, 776, 0, 0, 0, 2, 3, 2),
	(205, 'ChIJ8f4mlmJL0UARhygAg-2zNPs', 'Чайка', 49.4481036, 32.06548299999999, 4.2, 655, 0, 0, 0, 2, 3, 2),
	(206, 'ChIJnxHM_XxL0UARWGoAKEhcG6E', 'Престо', 49.444622, 32.064477, 4.1, 1275, 0, 0, 0, 2, 3, 2),
	(207, 'ChIJudklIo5M0UARHcwyMf1QRow', 'La Cosa Nostra', 49.4528714, 32.0431065, 4.4, 1850, 0, 0, 0, 2, 3, 2),
	(208, 'ChIJt6CZluFL0UARnSxvgHBQgdo', 'Stories', 49.435486, 32.1018394, 4.3, 173, 0, 0, 0, 2, 2, 2),
	(209, 'ChIJm_t_Y_RL0UARgJuhgHv27Xc', 'Колос Plus', 49.4104926, 32.0257933, 4.3, 92, 0, 0, 0, 2, 2, 2),
	(210, 'ChIJ-8dtiX1L0UARU-z-LAYHP7I', 'Адмирал', 49.4343802, 32.09218029999999, 4.3, 179, 0, 0, 0, 2, 3, 2),
	(211, 'ChIJz3Pod3lL0UARMc3tAFRsMJo', 'Фугу', 49.4396477, 32.0666656, 4.6, 1973, 0, 0, 0, 2, 3, 2),
	(212, 'ChIJQ63Ge6dL0UARM3QRLP-leMg', 'ВиЛена', 49.4269338, 32.09048680000001, 3.9, 317, 0, 0, 0, 2, 3, 2),
	(213, 'ChIJu3aCwA2fDEERfOniUVW6IPs', 'Арагві', 49.4578431, 32.0152207, 3.9, 139, 0, 0, 0, 2, 3, 2),
	(214, 'ChIJySxrKB5N0UARGVbohRpB2Lg', 'Едем', 49.4705068, 32.0131932, 4.5, 548, 0, 0, 0, 2, 4, 2),
	(215, 'ChIJRb1X4IRM0UAR3rbw7uIa5iU', 'Милан', 49.44914869999999, 32.05127609999999, 4.1, 82, 0, 0, 0, 2, 2, 2),
	(216, 'ChIJQ8mcgHRL0UART2XkbSUjG2Q', 'Восточный двор', 49.4351206, 32.08199920000001, 3.9, 228, 0, 0, 0, 2, 3, 2),
	(217, 'ChIJL_4X6HxL0UARfUlU5d2EYdw', 'New York Street Pizza', 49.4445401, 32.0664845, 4.2, 746, 0, 0, 0, 2, 3, 2),
	(218, 'ChIJn3s87oFM0UARNwMKcIgeKuY', 'Scorini', 49.4432857, 32.05551299999999, 4.4, 754, 0, 0, 0, 2, 3, 2),
	(219, 'ChIJ8ev-0_NM0UAR1RCMPY8qQF0', 'Ёлки-Палки', 49.4759243, 31.9960995, 4.1, 221, 0, 0, 0, 2, 3, 2),
	(220, 'ChIJvw5AzhFL0UARiEsAHgb5ju0', 'Стара пристань', 49.4359233, 32.10215859999999, 3.8, 303, 0, 0, 0, 2, 3, 2),
	(221, 'ChIJK203HO1M0UARdcxCGq5i0LA', 'Диліжансс', 49.4586409, 32.0345769, 4.5, 352, 0, 0, 0, 2, 3, 2),
	(222, 'ChIJVWy9_oFM0UARVPkmHwiKFYA', 'Челентано', 49.4433206, 32.0575107, 4.2, 1619, 0, 0, 0, 2, 3, 2),
	(223, 'ChIJx7aI9npL0UARQFqtKuF0h3g', 'Митниця', 49.44168639999999, 32.0724766, 4.3, 421, 0, 0, 0, 2, 3, 2),
	(224, 'ChIJ-fP1ae9L0UAR2zB7aaOOYWg', 'Кафе-бар Анталия', 49.44445, 32.07147549999999, 4.4, 216, 0, 0, 0, 2, 3, 2),
	(225, 'ChIJXVRFbv5L0UAR-Op_H6xeLbs', 'Колос', 49.405488, 32.0185811, 3.9, 20, 0, 0, 0, 2, 2, 2),
	(226, 'ChIJQwWT5H1L0UAR1Gnf1MYubf4', 'Ферма', 49.4436057, 32.0589514, 4.2, 1106, 0, 0, 0, 2, 2, 2),
	(227, 'ChIJnyXrgmlM0UARjyIgponaoxI', 'Корчма Солоха', 49.43507530000001, 32.0128217, 3.7, 61, 0, 0, 0, 2, 3, 2),
	(228, 'ChIJ6V8MI0dL0UAR3GT0rBotn5c', 'Ресторан "Апельсин"', 49.43512649999999, 32.0814589, 4.7, 11, 0, 0, 0, 2, 2, 2),
	(229, 'ChIJqy8handL0UARkpfrAxwoGyU', 'STREET ROLL', 49.4410373, 32.0687905, 4, 89, 0, 0, 0, 2, 2, 2),
	(230, 'ChIJe1NDh9ZL0UARP8UU6fNPeXA', 'Butter cafe', 49.4115337, 32.0398139, 4.5, 284, 0, 0, 0, 2, 3, 2),
	(231, 'ChIJzUkFwH1L0UARi7Q-8wuT7NY', 'Крила', 49.4436888, 32.0607933, 3.9, 887, 0, 0, 0, 2, 3, 2),
	(232, 'ChIJb8alZHRL0UAREYgbpw_ISNo', 'Готельно-ресторанний комплекс "Апельсин"', 49.43512649999999, 32.0814589, 4.2, 54, 0, 0, 0, 2, 2, 2),
	(233, 'ChIJPWHjOmlM0UARPNG3ctYmrfU', 'Тбилисский Подвальчик', 49.4314029, 32.01079740000001, 3.8, 107, 0, 0, 0, 2, 3, 2),
	(234, 'ChIJa9Kqp3RL0UARLB8Ju4iDBno', 'Мисливський двір', 49.4347521, 32.0847925, 3.9, 108, 0, 0, 0, 2, 3, 2),
	(235, 'ChIJc_qN4NRL0UARA0W1751BcTo', 'SOYA', 49.4237529, 32.0969075, 4.8, 63, 0, 0, 0, 2, 2, 2),
	(236, 'ChIJOzc6x31L0UARWkhE--j-sgE', 'Гостиный Дворъ', 49.443427, 32.061272, 4, 36, 0, 0, 0, 2, 2, 2),
	(237, 'ChIJU4WN2AtM0UARgQuuRoBJm3U', 'Блиндаж', 49.42031739999999, 32.0222624, 4, 167, 0, 0, 0, 2, 3, 2),
	(238, 'ChIJrwwE3oJM0UARvG0J_V4Y9Mg', 'Паприка', 49.44722219999999, 32.0586111, 4.2, 724, 0, 0, 0, 2, 3, 2),
	(239, 'ChIJfd5ginhM0UARjwqHMHG1qFQ', '"Влада" Готельно-розважальний комплекс', 49.43504799999999, 32.0361592, 4, 266, 0, 0, 0, 2, 2, 2),
	(240, 'ChIJgb4LP39L0UAR7FJS4wyxRIs', 'Kafe Pelʹmenna', 49.4385042, 32.0595976, 3.9, 20, 0, 0, 0, 2, 2, 2),
	(241, 'ChIJNUTXqHtL0UARIo_eJUROzz0', 'Bravo Pizza', 49.441622, 32.070007, 4.2, 1113, 0, 0, 0, 2, 3, 2),
	(242, 'ChIJTSALVH5L0UARgLL_XC0-i9M', 'Fire pizza', 49.44039650000001, 32.058593, 4.2, 203, 0, 0, 0, 2, 3, 2),
	(243, 'ChIJ0xjbtn5L0UARTQBvFZE58-I', 'McDonald\'s', 49.4407061, 32.0643947, 4.4, 7237, 0, 0, 0, 2, 3, 2),
	(244, 'ChIJYw2UmalL0UARgh9SynpWy4Q', 'Кафе TORI', 49.4342972, 32.09512209999999, 4.2, 45, 0, 0, 0, 2, 2, 2),
	(245, 'ChIJiy_YjWlM0UARTqCwev2_lTA', 'Смак', 49.4345247, 32.01296050000001, 4, 130, 0, 0, 0, 2, 3, 2),
	(246, 'ChIJLY1kl4tL0UARPo9RmnD5r1A', 'Окей', 49.4237794, 32.04098620000001, 4.4, 1259, 0, 0, 0, 2, 3, 2),
	(247, 'ChIJu-AO30FM0UARcYUsI3AyOPU', 'Palermo', 49.4345693, 32.0071555, 3.9, 145, 0, 0, 0, 2, 3, 2),
	(248, 'ChIJtWQiTw1L0UAR-HW1Kcp7q38', 'SLON SPA спа-салон', 49.4377765, 32.0905473, 4.5, 508, 0, 0, 0, 2, 2, 2),
	(249, 'ChIJ6xm31QpL0UARIjQ9wrXwZk4', 'DaySpa Дар Калифа', 49.43207959999999, 32.08333539999999, 4.6, 138, 0, 0, 0, 2, 2, 2),
	(250, 'ChIJW-0iL4dL0UAR9duxOjE0Hus', 'TIRAMISU Студия SPA', 49.4391419, 32.095077, 5, 5, 0, 0, 0, 2, 2, 2),
	(251, 'ChIJKY9XgYRM0UAR6Q3SIRyZhdg', 'Восточный Спа', 49.4478981, 32.0533369, 0, 0, 0, 0, 0, 2, 2, 2),
	(252, 'ChIJI6huzydL0UARH4pfvd4JahA', 'SPA_Yliagrooming', 49.4304312, 32.0829139, 0, 0, 0, 0, 0, 2, 2, 2),
	(253, 'ChIJqyt2yztL0UAR-DzqgVWD7a0', 'Фіто-Центр краси та здоров"я Кедровий рай', 49.44467299999999, 32.066281, 5, 6, 0, 0, 0, 2, 2, 2),
	(254, 'ChIJERA5DRhL0UARebYdyCWS2ic', 'Кабінет краси Relax', 49.4353, 32.0620056, 0, 0, 0, 0, 0, 2, 2, 2),
	(255, 'ChIJ-f4ZZoVM0UARvYIvfDQSRzs', 'Салон красоты "Фрагранс"', 49.4499092, 32.0480382, 4.5, 76, 0, 0, 0, 2, 2, 2),
	(256, 'ChIJpwLBoSBL0UAR9uuxW_XuzPs', 'Косметологічній центр АЛІР', 49.4353346, 32.0673621, 5, 1, 0, 0, 0, 2, 2, 2),
	(257, 'ChIJP5GsZGRL0UARYQn-s6YNleM', 'NAILS Lab студия маникюра', 49.43766300000001, 32.072554, 5, 2, 0, 0, 0, 2, 2, 2),
	(258, 'ChIJh_mg3YFM0UARl93Gzkvhd_4', 'Raysʹkyy', 49.4425536, 32.05646949999999, 4.6, 95, 0, 0, 0, 2, 2, 2),
	(259, 'ChIJs4mC15xA0kARAobDQtjBZyI', 'Reikartz Аквадар', 49.4560296, 32.0250485, 4.3, 581, 0, 0, 0, 2, 2, 2),
	(260, 'ChIJOT8zmYVM0UARbis36AsNxhk', 'Косметологічний Кабінет Fleur', 49.44890999999999, 32.0473345, 4, 3, 0, 0, 0, 2, 2, 2),
	(261, 'ChIJDaMpmX1L0UARjO0Huph96Rk', 'Akvamasazh', 49.444481, 32.06157400000001, 0, 0, 0, 0, 0, 2, 2, 2),
	(262, 'ChIJQ-yYGG1N0UARSv_3WtnQP_U', 'Diva', 49.4491706, 32.0522479, 0, 0, 0, 0, 0, 2, 2, 2),
	(263, 'ChIJRZu82YFM0UARDpAODc3nK4E', 'NovuMedical', 49.4418601, 32.05567750000001, 0, 0, 0, 0, 0, 2, 2, 2),
	(264, 'ChIJ6YXoLJ5L0UARibOW4tigcxs', 'Body bar | Laser & Massage', 49.4484834, 32.0743105, 0, 0, 0, 0, 0, 2, 2, 2),
	(265, 'ChIJPT6XqIFL0UARijEQepvEeGE', 'Центральний стадіон', 49.4359849, 32.0546615, 4.3, 902, 0, 0, 1, 2, 2, 2),
	(266, 'ChIJbZDIR6tL0UAR7Q8vYV3IZ1o', 'Стадион ЧДТУ', 49.4187185, 32.1044396, 3.7, 34, 0, 0, 1, 2, 2, 2),
	(267, 'ChIJJ0Lq2elL0UARu8uwAAGs9Sk', 'Стадион ЧИБС', 49.4086698, 32.0530698, 3.8, 24, 0, 0, 1, 2, 2, 2),
	(268, 'ChIJa70dIehL0UARisoVpWXmTU8', 'Stadion Parka Khimikiv', 49.40722819999999, 32.05139739999999, 4.3, 26, 0, 0, 1, 2, 2, 2),
	(269, 'ChIJx3aZrMNL0UARvUi6jmKsuZs', 'ЧДБК', 49.40714259999999, 32.0567299, 4.3, 111, 0, 0, 1, 2, 2, 2),
	(270, 'ChIJW5G_PNxN0UARNOGJkA3q9Lk', 'Пейнтбольний Клуб', 49.4579205, 32.0297152, 3.5, 2, 0, 0, 1, 2, 2, 2),
	(271, 'ChIJ0yyXFwhM0UAR45-ibiDOgl8', 'Черкасский зоопарк', 49.4156665, 32.0229883, 4.7, 4598, 0, 0, 0, 2, 2, 3),
	(272, 'ChIJJfgq2ppL0UARwdDn-kfqQc8', 'Памятник водопроводчику', 49.42804839999999, 32.0598801, 4.6, 139, 0, 0, 0, 2, 2, 3),
	(273, 'ChIJ54JYTJdM0UARMg-VVGxRYgs', 'Белый лотос', 49.4562165, 32.05289400000001, 4.6, 1037, 0, 0, 0, 2, 2, 3),
	(274, 'ChIJ_79ztYNL0UARaVN3MxoGaXI', 'Свято-Михайловский собор', 49.4342232, 32.05889940000001, 4.6, 587, 0, 0, 0, 2, 2, 3),
	(275, 'ChIJd6VVBX1L0UARa_kPvnaeEQ4', 'Славянский', 49.4449045, 32.0636848, 4.8, 64, 0, 0, 0, 2, 2, 3),
	(276, 'ChIJDXBwRndL0UARBc0TcyMmNIQ', 'Палац культури «Дружба народів»', 49.4376626, 32.0725536, 4.5, 1265, 0, 0, 0, 2, 2, 3),
	(277, 'ChIJP9t-DZ1M0UARsZZ_8ZkfmS0', 'Пагорб слави', 49.4494154, 32.0629281, 4.7, 94, 0, 0, 0, 2, 2, 3),
	(278, 'ChIJI6EI1YJM0UAR8x4DNbBxuC0', 'Свято-Троїцький кафедральний собор ПЦУ', 49.4483287, 32.0592577, 4.8, 61, 0, 0, 0, 2, 2, 3),
	(279, 'ChIJ3TGlF3dL0UARYytrU5UIwec', 'Памятник Богдану Хмельницкому', 49.4369194, 32.073092, 4.8, 183, 0, 0, 0, 2, 2, 3),
	(280, 'ChIJyTzvj51M0UARM3ov4hYZke4', 'Сонячний годинник', 49.4501046, 32.0654144, 4.7, 82, 0, 0, 0, 2, 2, 3),
	(281, 'ChIJlxgz-nhL0UARfXvpHfkpxy8', 'Памятник Голохвастову и Проне Прокоповне', 49.43764779999999, 32.0648691, 4.6, 98, 0, 0, 0, 2, 2, 3),
	(282, 'ChIJYW6T031L0UARlHMROTzpSo8', 'Памятник Тарасу Шевченко', 49.44250099999999, 32.0614083, 4.5, 142, 0, 0, 0, 2, 2, 3),
	(283, 'ChIJLz6i5YFL0UARJrvxxL0hwAY', '100 лет футболу', 49.4368523, 32.0580464, 4.4, 94, 0, 0, 0, 2, 2, 3),
	(284, 'ChIJTSWJ-3FL0UARirIWXZp18EY', 'Живчик', 49.4397226, 32.0839388, 4.1, 2424, 0, 0, 0, 2, 2, 3),
	(285, 'ChIJj7H5T69L0UARtLXQbINhFS0', 'Храм Рождества Пресвятой Богородицы', 49.4211055, 32.0903675, 4.7, 193, 0, 0, 0, 2, 2, 3),
	(286, 'ChIJI1f7h3NL0UARbAUFp7zHN2k', 'Винтовая лестница', 49.43580739999999, 32.0818229, 3.9, 91, 0, 0, 0, 2, 2, 3),
	(287, 'ChIJd7VuCp1M0UAR-cjD37tWzr0', 'Холм Славы', 49.449393, 32.0627943, 4.8, 18, 0, 0, 0, 2, 2, 3),
	(288, 'ChIJxRB5XHxL0UARmjk_uZ-mTE0', 'Памятник героям Украины', 49.44328660000001, 32.06529070000001, 4.3, 33, 0, 0, 0, 2, 2, 3),
	(289, 'ChIJ6bDxrhVL0UAR1GbhRhctUD0', 'Фотограф Maf', 49.42355649999999, 32.05428179999999, 0, 0, 0, 0, 0, 2, 2, 3),
	(290, 'ChIJlek7f2pL0UARPked7TLXz8g', 'Pam\'yatnyk Proni Prokopivni', 49.4404704, 32.0631977, 4.9, 8, 0, 0, 0, 2, 2, 3),
	(291, 'ChIJGTC7sGJL0UARbqz1EkRHQ8w', 'Памятник Богдану Хмельницкому', 49.4473505, 32.0648177, 3.5, 4, 0, 0, 0, 2, 2, 3),
	(292, 'ChIJT41etpdL0UARjuo48DQY_F0', 'Pam\'yatnyk Vodoprovidnomu Kranu', 49.42809399999999, 32.0601618, 4.2, 6, 0, 0, 0, 2, 2, 3);
/*!40000 ALTER TABLE `rest_places` ENABLE KEYS */;

-- Дамп структуры для таблица ma_project.rest_place_categories
CREATE TABLE IF NOT EXISTS `rest_place_categories` (
  `category_id` int NOT NULL,
  `rest_place_id` int NOT NULL,
  PRIMARY KEY (`category_id`,`rest_place_id`),
  UNIQUE KEY `rest_place_categories_restPlaceId_categoryId_unique` (`category_id`,`rest_place_id`),
  KEY `rest_place_id` (`rest_place_id`),
  CONSTRAINT `rest_place_categories_ibfk_1` FOREIGN KEY (`category_id`) REFERENCES `categories` (`id`) ON DELETE CASCADE ON UPDATE CASCADE,
  CONSTRAINT `rest_place_categories_ibfk_2` FOREIGN KEY (`rest_place_id`) REFERENCES `rest_places` (`id`) ON DELETE CASCADE ON UPDATE CASCADE
) ENGINE=InnoDB DEFAULT CHARSET=utf8mb4 COLLATE=utf8mb4_general_ci;

-- Дамп данных таблицы ma_project.rest_place_categories: ~326 rows (приблизительно)
/*!40000 ALTER TABLE `rest_place_categories` DISABLE KEYS */;
INSERT INTO `rest_place_categories` (`category_id`, `rest_place_id`) VALUES
	(1, 1),
	(1, 2),
	(1, 3),
	(14, 3),
	(1, 4),
	(10, 4),
	(14, 4),
	(1, 5),
	(1, 6),
	(1, 7),
	(14, 7),
	(2, 8),
	(4, 9),
	(4, 10),
	(11, 10),
	(4, 11),
	(11, 11),
	(4, 12),
	(4, 13),
	(11, 13),
	(4, 14),
	(4, 15),
	(5, 15),
	(4, 16),
	(4, 17),
	(4, 18),
	(4, 19),
	(4, 20),
	(4, 21),
	(4, 22),
	(9, 22),
	(4, 23),
	(9, 23),
	(4, 24),
	(4, 25),
	(4, 26),
	(4, 27),
	(4, 28),
	(4, 29),
	(4, 30),
	(4, 31),
	(4, 32),
	(4, 33),
	(4, 34),
	(5, 34),
	(11, 34),
	(4, 35),
	(4, 36),
	(4, 37),
	(9, 37),
	(4, 38),
	(4, 39),
	(9, 39),
	(4, 40),
	(4, 41),
	(4, 42),
	(4, 43),
	(4, 44),
	(4, 45),
	(4, 46),
	(5, 46),
	(4, 47),
	(5, 47),
	(4, 48),
	(4, 49),
	(4, 50),
	(4, 51),
	(4, 52),
	(11, 52),
	(4, 53),
	(4, 54),
	(4, 55),
	(4, 56),
	(5, 57),
	(5, 58),
	(5, 59),
	(11, 59),
	(5, 60),
	(5, 61),
	(5, 62),
	(11, 62),
	(5, 63),
	(5, 64),
	(5, 65),
	(5, 66),
	(5, 67),
	(11, 67),
	(5, 68),
	(5, 69),
	(5, 70),
	(5, 71),
	(5, 72),
	(5, 73),
	(5, 74),
	(5, 75),
	(5, 76),
	(5, 77),
	(5, 78),
	(5, 79),
	(5, 80),
	(5, 81),
	(5, 82),
	(11, 82),
	(5, 83),
	(5, 84),
	(5, 85),
	(5, 86),
	(5, 87),
	(5, 88),
	(5, 89),
	(5, 90),
	(5, 91),
	(5, 92),
	(11, 92),
	(5, 93),
	(5, 94),
	(5, 95),
	(5, 96),
	(5, 97),
	(5, 98),
	(11, 98),
	(5, 99),
	(5, 100),
	(5, 101),
	(11, 101),
	(5, 102),
	(5, 103),
	(5, 104),
	(5, 105),
	(5, 106),
	(11, 106),
	(5, 107),
	(5, 108),
	(5, 109),
	(5, 110),
	(5, 111),
	(5, 112),
	(5, 113),
	(5, 114),
	(5, 115),
	(5, 116),
	(5, 117),
	(5, 118),
	(5, 119),
	(6, 120),
	(6, 121),
	(6, 122),
	(6, 123),
	(6, 124),
	(6, 125),
	(6, 126),
	(6, 127),
	(6, 128),
	(6, 129),
	(6, 130),
	(6, 131),
	(6, 132),
	(7, 133),
	(7, 134),
	(7, 135),
	(7, 136),
	(7, 137),
	(7, 138),
	(8, 139),
	(14, 139),
	(8, 140),
	(14, 140),
	(8, 141),
	(14, 141),
	(8, 142),
	(14, 142),
	(8, 143),
	(8, 144),
	(8, 145),
	(9, 146),
	(9, 147),
	(9, 148),
	(9, 149),
	(9, 150),
	(9, 151),
	(9, 152),
	(9, 153),
	(9, 154),
	(10, 155),
	(14, 155),
	(10, 156),
	(14, 156),
	(10, 157),
	(14, 157),
	(10, 158),
	(14, 158),
	(10, 159),
	(14, 159),
	(10, 160),
	(14, 160),
	(10, 161),
	(10, 162),
	(10, 163),
	(14, 163),
	(10, 164),
	(10, 165),
	(14, 165),
	(10, 166),
	(10, 167),
	(14, 167),
	(10, 168),
	(14, 168),
	(10, 169),
	(10, 170),
	(10, 171),
	(14, 171),
	(10, 172),
	(10, 173),
	(14, 173),
	(10, 174),
	(10, 175),
	(10, 176),
	(10, 177),
	(10, 178),
	(10, 179),
	(10, 180),
	(10, 181),
	(10, 182),
	(10, 183),
	(10, 184),
	(10, 185),
	(10, 186),
	(10, 187),
	(10, 188),
	(10, 189),
	(10, 190),
	(10, 191),
	(10, 192),
	(10, 193),
	(11, 194),
	(11, 195),
	(11, 196),
	(11, 197),
	(11, 198),
	(11, 199),
	(11, 200),
	(11, 201),
	(11, 202),
	(11, 203),
	(11, 204),
	(11, 205),
	(11, 206),
	(11, 207),
	(11, 208),
	(11, 209),
	(11, 210),
	(11, 211),
	(11, 212),
	(11, 213),
	(11, 214),
	(11, 215),
	(11, 216),
	(11, 217),
	(11, 218),
	(11, 219),
	(11, 220),
	(11, 221),
	(11, 222),
	(11, 223),
	(11, 224),
	(11, 225),
	(11, 226),
	(11, 227),
	(11, 228),
	(11, 229),
	(11, 230),
	(11, 231),
	(11, 232),
	(11, 233),
	(11, 234),
	(11, 235),
	(11, 236),
	(11, 237),
	(11, 238),
	(11, 239),
	(11, 240),
	(11, 241),
	(11, 242),
	(11, 243),
	(11, 244),
	(11, 245),
	(11, 246),
	(11, 247),
	(12, 248),
	(12, 249),
	(12, 250),
	(12, 251),
	(12, 252),
	(12, 253),
	(12, 254),
	(12, 255),
	(12, 256),
	(12, 257),
	(12, 258),
	(12, 259),
	(12, 260),
	(12, 261),
	(12, 262),
	(12, 263),
	(12, 264),
	(13, 265),
	(13, 266),
	(13, 267),
	(13, 268),
	(13, 269),
	(13, 270),
	(14, 271),
	(15, 271),
	(14, 272),
	(14, 273),
	(14, 274),
	(14, 275),
	(14, 276),
	(14, 277),
	(14, 278),
	(14, 279),
	(14, 280),
	(14, 281),
	(14, 282),
	(14, 283),
	(14, 284),
	(14, 285),
	(14, 286),
	(14, 287),
	(14, 288),
	(14, 289),
	(14, 290),
	(14, 291),
	(14, 292);
/*!40000 ALTER TABLE `rest_place_categories` ENABLE KEYS */;

-- Дамп структуры для таблица ma_project.reviews
CREATE TABLE IF NOT EXISTS `reviews` (
  `id` int NOT NULL AUTO_INCREMENT,
  `rest_place_id` int DEFAULT NULL,
  `review` text COLLATE utf8mb4_general_ci,
  `rating` int DEFAULT NULL,
  PRIMARY KEY (`id`),
  KEY `rest_place_id` (`rest_place_id`),
  CONSTRAINT `reviews_ibfk_1` FOREIGN KEY (`rest_place_id`) REFERENCES `rest_places` (`id`) ON UPDATE CASCADE
) ENGINE=InnoDB DEFAULT CHARSET=utf8mb4 COLLATE=utf8mb4_general_ci;

-- Дамп данных таблицы ma_project.reviews: ~0 rows (приблизительно)
/*!40000 ALTER TABLE `reviews` DISABLE KEYS */;
/*!40000 ALTER TABLE `reviews` ENABLE KEYS */;

-- Дамп структуры для таблица ma_project.users
CREATE TABLE IF NOT EXISTS `users` (
  `id` int NOT NULL AUTO_INCREMENT,
  `email` varchar(255) COLLATE utf8mb4_general_ci DEFAULT NULL,
  `password` varchar(255) COLLATE utf8mb4_general_ci DEFAULT NULL,
  `google_id` varchar(255) COLLATE utf8mb4_general_ci DEFAULT NULL,
  `facebook_id` varchar(255) COLLATE utf8mb4_general_ci DEFAULT NULL,
  `locale` varchar(255) COLLATE utf8mb4_general_ci DEFAULT 'ru',
  `user_hash` varchar(255) COLLATE utf8mb4_general_ci DEFAULT NULL,
  `is_admin` tinyint(1) DEFAULT '0',
  `is_confirmed` tinyint(1) DEFAULT '0',
  PRIMARY KEY (`id`)
) ENGINE=InnoDB AUTO_INCREMENT=12 DEFAULT CHARSET=utf8mb4 COLLATE=utf8mb4_general_ci;

-- Дамп данных таблицы ma_project.users: ~3 rows (приблизительно)
/*!40000 ALTER TABLE `users` DISABLE KEYS */;
INSERT INTO `users` (`id`, `email`, `password`, `google_id`, `facebook_id`, `locale`, `user_hash`, `is_admin`, `is_confirmed`) VALUES
	(1, 'admin@test.com', '$2b$04$6cqzfP5tUxf3L0.OEOyYM.ppXshp/cGxDST/NZZh5FPAZYgcJ88om', NULL, NULL, 'ru', NULL, 1, 1),
	(2, 'user@test.com', '$2b$04$6cqzfP5tUxf3L0.OEOyYM.ppXshp/cGxDST/NZZh5FPAZYgcJ88om', NULL, NULL, 'ru', NULL, 0, 1);
/*!40000 ALTER TABLE `users` ENABLE KEYS */;

-- Дамп структуры для таблица ma_project.working_periods
CREATE TABLE IF NOT EXISTS `working_periods` (
  `id` int NOT NULL AUTO_INCREMENT,
  `place_id` int DEFAULT NULL,
  `day_of_week_start` int DEFAULT NULL,
  `start_time` int DEFAULT NULL,
  `day_of_week_end` int DEFAULT NULL,
  `end_time` int DEFAULT NULL,
  PRIMARY KEY (`id`),
  KEY `place_id` (`place_id`),
  CONSTRAINT `working_periods_ibfk_1` FOREIGN KEY (`place_id`) REFERENCES `rest_places` (`id`) ON DELETE CASCADE ON UPDATE CASCADE
) ENGINE=InnoDB AUTO_INCREMENT=1842 DEFAULT CHARSET=utf8mb4 COLLATE=utf8mb4_general_ci;

-- Дамп данных таблицы ma_project.working_periods: ~1 743 rows (приблизительно)
/*!40000 ALTER TABLE `working_periods` DISABLE KEYS */;
INSERT INTO `working_periods` (`id`, `place_id`, `day_of_week_start`, `start_time`, `day_of_week_end`, `end_time`) VALUES
	(1, 1, 0, 1100, 0, 2200),
	(2, 1, 1, 1100, 1, 2100),
	(3, 1, 2, 1100, 2, 2100),
	(4, 1, 3, 1100, 3, 2100),
	(5, 1, 4, 1100, 4, 2100),
	(6, 1, 5, 1100, 5, 2200),
	(7, 1, 6, 1100, 6, 2200),
	(8, 2, 0, 1000, 0, 2000),
	(9, 2, 1, 1000, 1, 2000),
	(10, 2, 2, 1000, 2, 2000),
	(11, 2, 3, 1000, 3, 2000),
	(12, 2, 4, 1000, 4, 2000),
	(13, 2, 5, 1000, 5, 2000),
	(14, 2, 6, 1000, 6, 2000),
	(15, 4, 0, 0, 0, 2359),
	(16, 4, 1, 0, 1, 2359),
	(17, 4, 2, 0, 2, 2359),
	(18, 4, 3, 0, 3, 2359),
	(19, 4, 4, 0, 4, 2359),
	(20, 4, 5, 0, 5, 2359),
	(21, 4, 6, 0, 6, 2359),
	(22, 5, 0, 1000, 0, 2100),
	(23, 5, 1, 1000, 1, 2100),
	(24, 5, 2, 1000, 2, 2100),
	(25, 5, 3, 1000, 3, 2100),
	(26, 5, 4, 1000, 4, 2100),
	(27, 5, 5, 1000, 5, 2100),
	(28, 5, 6, 1000, 6, 2100),
	(29, 6, 0, 800, 0, 2100),
	(30, 6, 1, 800, 1, 2100),
	(31, 6, 2, 800, 2, 2100),
	(32, 6, 3, 800, 3, 2100),
	(33, 6, 4, 800, 4, 2100),
	(34, 6, 5, 800, 5, 2100),
	(35, 6, 6, 800, 6, 2100),
	(36, 7, 0, 0, 0, 2359),
	(37, 7, 1, 0, 1, 2359),
	(38, 7, 2, 0, 2, 2359),
	(39, 7, 3, 0, 3, 2359),
	(40, 7, 4, 0, 4, 2359),
	(41, 7, 5, 0, 5, 2359),
	(42, 7, 6, 0, 6, 2359),
	(43, 8, 0, 0, 0, 0),
	(44, 8, 1, 1000, 1, 1800),
	(45, 8, 2, 1000, 2, 1800),
	(46, 8, 3, 1000, 3, 1800),
	(47, 8, 4, 1000, 4, 1800),
	(48, 8, 5, 1000, 5, 1800),
	(49, 8, 6, 0, 6, 0),
	(50, 9, 0, 0, 0, 2359),
	(51, 9, 1, 0, 1, 2359),
	(52, 9, 2, 0, 2, 2359),
	(53, 9, 3, 0, 3, 2359),
	(54, 9, 4, 0, 4, 2359),
	(55, 9, 5, 0, 5, 2359),
	(56, 9, 6, 0, 6, 2359),
	(57, 10, 0, 1200, 1, 0),
	(58, 10, 1, 1200, 2, 0),
	(59, 10, 2, 1200, 3, 0),
	(60, 10, 3, 1200, 4, 0),
	(61, 10, 4, 1200, 5, 0),
	(62, 10, 5, 1200, 6, 200),
	(63, 10, 6, 1200, 0, 200),
	(64, 11, 0, 1000, 0, 2300),
	(65, 11, 1, 1000, 1, 2300),
	(66, 11, 2, 1000, 2, 2300),
	(67, 11, 3, 1000, 3, 2300),
	(68, 11, 4, 1000, 4, 2300),
	(69, 11, 5, 1000, 5, 2300),
	(70, 11, 6, 1000, 6, 2300),
	(71, 12, 0, 0, 0, 2359),
	(72, 12, 1, 0, 1, 2359),
	(73, 12, 2, 0, 2, 2359),
	(74, 12, 3, 0, 3, 2359),
	(75, 12, 4, 0, 4, 2359),
	(76, 12, 5, 0, 5, 2359),
	(77, 12, 6, 0, 6, 2359),
	(78, 13, 0, 1100, 1, 0),
	(79, 13, 1, 1100, 2, 0),
	(80, 13, 2, 1100, 3, 0),
	(81, 13, 3, 1100, 4, 0),
	(82, 13, 4, 1100, 5, 0),
	(83, 13, 5, 1100, 6, 0),
	(84, 13, 6, 1100, 0, 0),
	(85, 14, 0, 1100, 0, 2300),
	(86, 14, 1, 1100, 1, 2300),
	(87, 14, 2, 1100, 2, 2300),
	(88, 14, 3, 1100, 3, 2300),
	(89, 14, 4, 1100, 4, 2300),
	(90, 14, 5, 1100, 5, 2300),
	(91, 14, 6, 1100, 6, 2300),
	(92, 15, 0, 1100, 0, 2300),
	(93, 15, 1, 1100, 1, 2300),
	(94, 15, 2, 1100, 2, 2300),
	(95, 15, 3, 1100, 3, 2300),
	(96, 15, 4, 1100, 4, 2300),
	(97, 15, 5, 1100, 5, 2300),
	(98, 15, 6, 1100, 6, 2300),
	(99, 16, 0, 800, 0, 2300),
	(100, 16, 1, 800, 1, 2300),
	(101, 16, 2, 800, 2, 2300),
	(102, 16, 3, 800, 3, 2300),
	(103, 16, 4, 800, 4, 2300),
	(104, 16, 5, 800, 5, 2300),
	(105, 16, 6, 800, 6, 2300),
	(106, 17, 0, 1430, 1, 300),
	(107, 17, 1, 1430, 2, 300),
	(108, 17, 2, 1430, 3, 300),
	(109, 17, 3, 1430, 4, 300),
	(110, 17, 4, 1430, 5, 300),
	(111, 17, 5, 1430, 6, 300),
	(112, 17, 6, 1430, 0, 300),
	(113, 18, 0, 1100, 0, 2300),
	(114, 18, 1, 1100, 1, 2300),
	(115, 18, 2, 1100, 2, 2300),
	(116, 18, 3, 1100, 3, 2300),
	(117, 18, 4, 1100, 4, 2300),
	(118, 18, 5, 1100, 5, 2300),
	(119, 18, 6, 1100, 6, 2300),
	(120, 20, 0, 1200, 1, 0),
	(121, 20, 1, 1200, 2, 500),
	(122, 20, 2, 1200, 3, 500),
	(123, 20, 3, 1200, 4, 500),
	(124, 20, 4, 1200, 5, 500),
	(125, 20, 5, 1200, 6, 500),
	(126, 20, 6, 1200, 0, 500),
	(127, 21, 0, 1000, 0, 2200),
	(128, 21, 1, 1000, 1, 2200),
	(129, 21, 2, 1000, 2, 2200),
	(130, 21, 3, 1000, 3, 2200),
	(131, 21, 4, 1000, 4, 2200),
	(132, 21, 5, 1000, 5, 2200),
	(133, 21, 6, 1000, 6, 2200),
	(134, 22, 0, 1200, 1, 200),
	(135, 22, 1, 1200, 2, 200),
	(136, 22, 2, 1200, 3, 200),
	(137, 22, 3, 1200, 4, 200),
	(138, 22, 4, 1200, 5, 200),
	(139, 22, 5, 1200, 6, 400),
	(140, 22, 6, 1200, 0, 400),
	(141, 23, 0, 0, 0, 2359),
	(142, 23, 1, 0, 1, 2359),
	(143, 23, 2, 0, 2, 2359),
	(144, 23, 3, 0, 3, 2359),
	(145, 23, 4, 0, 4, 2359),
	(146, 23, 5, 0, 5, 2359),
	(147, 23, 6, 0, 6, 2359),
	(148, 24, 0, 1000, 0, 2200),
	(149, 24, 1, 1000, 1, 2200),
	(150, 24, 2, 1000, 2, 2200),
	(151, 24, 3, 1000, 3, 2200),
	(152, 24, 4, 1000, 4, 2200),
	(153, 24, 5, 1000, 5, 2200),
	(154, 24, 6, 1000, 6, 2200),
	(155, 25, 0, 1400, 1, 0),
	(156, 25, 1, 1400, 2, 200),
	(157, 25, 2, 1400, 3, 200),
	(158, 25, 3, 1400, 4, 200),
	(159, 25, 4, 1400, 5, 200),
	(160, 25, 5, 1400, 6, 200),
	(161, 25, 6, 1400, 0, 200),
	(162, 26, 0, 1000, 0, 2300),
	(163, 26, 1, 1000, 1, 2300),
	(164, 26, 2, 1000, 2, 2300),
	(165, 26, 3, 1000, 3, 2300),
	(166, 26, 4, 1000, 4, 2300),
	(167, 26, 5, 1000, 5, 2300),
	(168, 26, 6, 1000, 6, 2300),
	(169, 27, 0, 800, 0, 2130),
	(170, 27, 1, 800, 1, 2130),
	(171, 27, 2, 800, 2, 2130),
	(172, 27, 3, 800, 3, 2130),
	(173, 27, 4, 800, 4, 2130),
	(174, 27, 5, 800, 5, 2130),
	(175, 27, 6, 800, 6, 2130),
	(176, 28, 0, 0, 0, 2359),
	(177, 28, 1, 0, 1, 2359),
	(178, 28, 2, 0, 2, 2359),
	(179, 28, 3, 0, 3, 2359),
	(180, 28, 4, 0, 4, 2359),
	(181, 28, 5, 0, 5, 2359),
	(182, 28, 6, 0, 6, 2359),
	(183, 29, 0, 1200, 0, 2300),
	(184, 29, 1, 1300, 1, 2300),
	(185, 29, 2, 1300, 2, 2300),
	(186, 29, 3, 1300, 3, 2300),
	(187, 29, 4, 1300, 4, 2300),
	(188, 29, 5, 1300, 5, 2300),
	(189, 29, 6, 1200, 6, 2300),
	(190, 30, 0, 1800, 1, 1700),
	(191, 30, 1, 1800, 2, 0),
	(192, 30, 2, 1800, 3, 0),
	(193, 30, 3, 1800, 4, 0),
	(194, 30, 4, 1800, 5, 0),
	(195, 30, 5, 1800, 6, 100),
	(196, 30, 6, 1800, 0, 100),
	(197, 31, 0, 0, 0, 0),
	(198, 31, 1, 1000, 1, 2200),
	(199, 31, 2, 1000, 2, 2200),
	(200, 31, 3, 1000, 3, 2200),
	(201, 31, 4, 1000, 4, 2200),
	(202, 31, 5, 1000, 5, 2200),
	(203, 31, 6, 1100, 6, 2300),
	(204, 32, 0, 800, 0, 2300),
	(205, 32, 1, 800, 1, 2300),
	(206, 32, 2, 800, 2, 2300),
	(207, 32, 3, 800, 3, 2300),
	(208, 32, 4, 800, 4, 2300),
	(209, 32, 5, 800, 5, 2300),
	(210, 32, 6, 800, 6, 2300),
	(211, 33, 0, 1000, 1, 100),
	(212, 33, 1, 1000, 1, 2300),
	(213, 33, 2, 1000, 2, 2300),
	(214, 33, 3, 1000, 3, 2300),
	(215, 33, 4, 1000, 4, 2300),
	(216, 33, 5, 1000, 5, 2300),
	(217, 33, 6, 1000, 0, 100),
	(218, 34, 0, 1100, 0, 2300),
	(219, 34, 1, 1100, 1, 2300),
	(220, 34, 2, 1100, 2, 2300),
	(221, 34, 3, 1100, 3, 2300),
	(222, 34, 4, 1100, 4, 2300),
	(223, 34, 5, 1100, 5, 2300),
	(224, 34, 6, 1100, 6, 2300),
	(225, 35, 0, 1100, 0, 2000),
	(226, 35, 1, 1100, 1, 2000),
	(227, 35, 2, 1100, 2, 2000),
	(228, 35, 3, 1100, 3, 2000),
	(229, 35, 4, 1100, 4, 2000),
	(230, 35, 5, 1100, 5, 2000),
	(231, 35, 6, 1100, 6, 2000),
	(232, 36, 0, 800, 0, 1600),
	(233, 36, 1, 800, 1, 1600),
	(234, 36, 2, 800, 2, 1600),
	(235, 36, 3, 800, 3, 1600),
	(236, 36, 4, 800, 4, 1600),
	(237, 36, 5, 800, 5, 1600),
	(238, 36, 6, 800, 6, 1600),
	(239, 37, 0, 1300, 1, 0),
	(240, 37, 1, 0, 1, 0),
	(241, 37, 2, 0, 2, 0),
	(242, 37, 3, 0, 3, 0),
	(243, 37, 4, 1800, 5, 200),
	(244, 37, 5, 2000, 6, 500),
	(245, 37, 6, 2000, 0, 500),
	(246, 38, 0, 1200, 1, 0),
	(247, 38, 1, 1600, 2, 0),
	(248, 38, 2, 1600, 3, 0),
	(249, 38, 3, 1600, 4, 0),
	(250, 38, 4, 1600, 5, 0),
	(251, 38, 5, 1600, 6, 200),
	(252, 38, 6, 1200, 0, 200),
	(253, 39, 0, 2000, 1, 300),
	(254, 39, 1, 0, 1, 0),
	(255, 39, 2, 0, 2, 0),
	(256, 39, 3, 2000, 4, 300),
	(257, 39, 4, 2000, 5, 300),
	(258, 39, 5, 2000, 6, 600),
	(259, 39, 6, 2000, 0, 600),
	(260, 40, 0, 1200, 1, 100),
	(261, 40, 1, 1200, 2, 100),
	(262, 40, 2, 1200, 3, 100),
	(263, 40, 3, 1200, 4, 100),
	(264, 40, 4, 1200, 5, 100),
	(265, 40, 5, 1200, 6, 100),
	(266, 40, 6, 1200, 0, 100),
	(267, 41, 0, 1100, 0, 2300),
	(268, 41, 1, 1100, 1, 2300),
	(269, 41, 2, 1100, 2, 2300),
	(270, 41, 3, 1100, 3, 2300),
	(271, 41, 4, 1100, 4, 2300),
	(272, 41, 5, 1100, 5, 2300),
	(273, 41, 6, 1100, 6, 2300),
	(274, 42, 0, 1100, 1, 0),
	(275, 42, 1, 1100, 2, 0),
	(276, 42, 2, 1100, 3, 0),
	(277, 42, 3, 1100, 4, 0),
	(278, 42, 4, 1100, 5, 0),
	(279, 42, 5, 1100, 6, 200),
	(280, 42, 6, 1100, 0, 0),
	(281, 43, 0, 1000, 1, 0),
	(282, 43, 1, 1000, 2, 0),
	(283, 43, 2, 1000, 3, 0),
	(284, 43, 3, 1000, 4, 0),
	(285, 43, 4, 1000, 5, 0),
	(286, 43, 5, 1000, 6, 0),
	(287, 43, 6, 1000, 0, 0),
	(288, 44, 0, 1000, 0, 2200),
	(289, 44, 1, 1000, 1, 2200),
	(290, 44, 2, 1000, 2, 2200),
	(291, 44, 3, 1000, 3, 2200),
	(292, 44, 4, 1000, 4, 2200),
	(293, 44, 5, 1000, 5, 2200),
	(294, 44, 6, 1000, 6, 2200),
	(295, 45, 0, 1200, 1, 200),
	(296, 45, 1, 1600, 2, 0),
	(297, 45, 2, 1600, 3, 0),
	(298, 45, 3, 1600, 4, 0),
	(299, 45, 4, 1600, 5, 0),
	(300, 45, 5, 1600, 6, 200),
	(301, 45, 6, 1200, 0, 200),
	(302, 46, 0, 1000, 0, 2300),
	(303, 46, 1, 1000, 1, 2300),
	(304, 46, 2, 1000, 2, 2300),
	(305, 46, 3, 1000, 3, 2300),
	(306, 46, 4, 1000, 4, 2300),
	(307, 46, 5, 1000, 5, 2300),
	(308, 46, 6, 1000, 6, 2300),
	(309, 47, 0, 1100, 0, 2300),
	(310, 47, 1, 1100, 1, 2300),
	(311, 47, 2, 1100, 2, 2300),
	(312, 47, 3, 1100, 3, 2300),
	(313, 47, 4, 1100, 4, 2300),
	(314, 47, 5, 1200, 6, 0),
	(315, 47, 6, 1200, 0, 0),
	(316, 49, 0, 900, 0, 2200),
	(317, 49, 1, 900, 1, 2200),
	(318, 49, 2, 900, 2, 2200),
	(319, 49, 3, 900, 3, 2200),
	(320, 49, 4, 900, 4, 2200),
	(321, 49, 5, 900, 5, 2200),
	(322, 49, 6, 900, 6, 2200),
	(323, 50, 0, 1200, 0, 2300),
	(324, 50, 1, 1100, 1, 2200),
	(325, 50, 2, 1100, 2, 2300),
	(326, 50, 3, 1100, 3, 2300),
	(327, 50, 4, 1100, 4, 2300),
	(328, 50, 5, 1100, 5, 2300),
	(329, 50, 6, 1100, 6, 2300),
	(330, 52, 0, 1200, 0, 2300),
	(331, 52, 1, 1200, 1, 2300),
	(332, 52, 2, 1200, 2, 2300),
	(333, 52, 3, 1200, 3, 2300),
	(334, 52, 4, 1200, 4, 2300),
	(335, 52, 5, 1200, 6, 0),
	(336, 52, 6, 1200, 0, 0),
	(337, 53, 0, 1000, 0, 2200),
	(338, 53, 1, 1100, 1, 2200),
	(339, 53, 2, 1100, 2, 2200),
	(340, 53, 3, 1100, 3, 2200),
	(341, 53, 4, 1100, 4, 2200),
	(342, 53, 5, 1100, 5, 2200),
	(343, 53, 6, 1000, 6, 2200),
	(344, 54, 0, 900, 0, 2200),
	(345, 54, 1, 900, 1, 2200),
	(346, 54, 2, 900, 2, 2200),
	(347, 54, 3, 900, 3, 2200),
	(348, 54, 4, 900, 4, 2200),
	(349, 54, 5, 900, 5, 2200),
	(350, 54, 6, 900, 6, 2200),
	(351, 55, 0, 0, 0, 0),
	(352, 55, 1, 800, 1, 2200),
	(353, 55, 2, 800, 2, 2200),
	(354, 55, 3, 800, 3, 2200),
	(355, 55, 4, 800, 4, 2200),
	(356, 55, 5, 800, 5, 2200),
	(357, 55, 6, 800, 6, 2200),
	(358, 56, 0, 1100, 0, 2100),
	(359, 56, 1, 1100, 1, 2100),
	(360, 56, 2, 1100, 2, 2100),
	(361, 56, 3, 1100, 3, 2100),
	(362, 56, 4, 1100, 4, 2100),
	(363, 56, 5, 1100, 5, 2100),
	(364, 56, 6, 1100, 6, 2100),
	(365, 57, 0, 1000, 0, 2345),
	(366, 57, 1, 1000, 1, 2345),
	(367, 57, 2, 1000, 2, 2345),
	(368, 57, 3, 1000, 3, 2345),
	(369, 57, 4, 1000, 4, 2345),
	(370, 57, 5, 1000, 5, 2345),
	(371, 57, 6, 1000, 6, 2345),
	(372, 58, 0, 900, 0, 2200),
	(373, 58, 1, 800, 1, 2200),
	(374, 58, 2, 800, 2, 2200),
	(375, 58, 3, 800, 3, 2200),
	(376, 58, 4, 800, 4, 2200),
	(377, 58, 5, 800, 5, 2200),
	(378, 58, 6, 900, 6, 2200),
	(379, 59, 0, 1100, 0, 2300),
	(380, 59, 1, 1100, 1, 2300),
	(381, 59, 2, 1100, 2, 2300),
	(382, 59, 3, 1100, 3, 2300),
	(383, 59, 4, 1100, 4, 2300),
	(384, 59, 5, 1100, 5, 2300),
	(385, 59, 6, 1100, 6, 2300),
	(386, 60, 0, 500, 1, 400),
	(387, 60, 1, 500, 2, 400),
	(388, 60, 2, 500, 3, 400),
	(389, 60, 3, 500, 4, 400),
	(390, 60, 4, 500, 5, 400),
	(391, 60, 5, 500, 6, 400),
	(392, 60, 6, 500, 0, 400),
	(393, 61, 0, 1000, 0, 2030),
	(394, 61, 1, 1000, 1, 2030),
	(395, 61, 2, 1000, 2, 2030),
	(396, 61, 3, 1000, 3, 2030),
	(397, 61, 4, 1000, 4, 2030),
	(398, 61, 5, 1000, 5, 2030),
	(399, 61, 6, 1000, 6, 2030),
	(400, 62, 0, 1100, 0, 2300),
	(401, 62, 1, 1100, 1, 2300),
	(402, 62, 2, 1100, 2, 2300),
	(403, 62, 3, 1100, 3, 2300),
	(404, 62, 4, 1100, 4, 2300),
	(405, 62, 5, 1100, 6, 0),
	(406, 62, 6, 1100, 0, 0),
	(407, 63, 0, 1200, 0, 2300),
	(408, 63, 1, 1200, 1, 2300),
	(409, 63, 2, 1200, 2, 2300),
	(410, 63, 3, 1200, 3, 2300),
	(411, 63, 4, 1200, 4, 2300),
	(412, 63, 5, 1200, 5, 2300),
	(413, 63, 6, 1200, 6, 2300),
	(414, 64, 0, 1100, 0, 2300),
	(415, 64, 1, 1100, 1, 2300),
	(416, 64, 2, 1100, 2, 2300),
	(417, 64, 3, 1100, 3, 2300),
	(418, 64, 4, 1100, 4, 2300),
	(419, 64, 5, 1100, 5, 2300),
	(420, 64, 6, 1100, 6, 2300),
	(421, 65, 0, 1100, 0, 2300),
	(422, 65, 1, 1100, 1, 2300),
	(423, 65, 2, 1100, 2, 2300),
	(424, 65, 3, 1100, 3, 2300),
	(425, 65, 4, 1100, 4, 2300),
	(426, 65, 5, 1100, 5, 2300),
	(427, 65, 6, 1100, 6, 2300),
	(428, 66, 0, 1100, 0, 2300),
	(429, 66, 1, 1100, 1, 2200),
	(430, 66, 2, 1100, 2, 2200),
	(431, 66, 3, 1100, 3, 2200),
	(432, 66, 4, 1100, 4, 2200),
	(433, 66, 5, 1100, 5, 2300),
	(434, 66, 6, 1100, 6, 2300),
	(435, 67, 0, 900, 0, 2200),
	(436, 67, 1, 900, 1, 2200),
	(437, 67, 2, 900, 2, 2200),
	(438, 67, 3, 900, 3, 2200),
	(439, 67, 4, 900, 4, 2200),
	(440, 67, 5, 900, 5, 2200),
	(441, 67, 6, 900, 6, 2200),
	(442, 68, 0, 1000, 0, 2300),
	(443, 68, 1, 1000, 1, 2300),
	(444, 68, 2, 1000, 2, 2300),
	(445, 68, 3, 1000, 3, 2300),
	(446, 68, 4, 1000, 4, 2300),
	(447, 68, 5, 1000, 5, 2300),
	(448, 68, 6, 1000, 6, 2300),
	(449, 69, 0, 800, 0, 2200),
	(450, 69, 1, 800, 1, 2200),
	(451, 69, 2, 800, 2, 2200),
	(452, 69, 3, 800, 3, 2200),
	(453, 69, 4, 800, 4, 2200),
	(454, 69, 5, 800, 5, 2200),
	(455, 69, 6, 800, 6, 2200),
	(456, 70, 0, 900, 0, 2100),
	(457, 70, 1, 900, 1, 2100),
	(458, 70, 2, 900, 2, 2100),
	(459, 70, 3, 900, 3, 2100),
	(460, 70, 4, 900, 4, 2100),
	(461, 70, 5, 900, 5, 2100),
	(462, 70, 6, 900, 6, 2100),
	(463, 71, 0, 1100, 1, 200),
	(464, 71, 1, 1100, 2, 0),
	(465, 71, 2, 1100, 3, 0),
	(466, 71, 3, 1100, 4, 0),
	(467, 71, 4, 1100, 5, 0),
	(468, 71, 5, 1100, 6, 0),
	(469, 71, 6, 1100, 0, 200),
	(470, 72, 0, 1100, 0, 2300),
	(471, 72, 1, 1100, 1, 2300),
	(472, 72, 2, 1100, 2, 2300),
	(473, 72, 3, 1100, 3, 2300),
	(474, 72, 4, 1100, 4, 2300),
	(475, 72, 5, 1100, 5, 2300),
	(476, 72, 6, 1100, 6, 2300),
	(477, 73, 0, 1000, 1, 0),
	(478, 73, 1, 1000, 2, 0),
	(479, 73, 2, 1000, 3, 0),
	(480, 73, 3, 1000, 4, 0),
	(481, 73, 4, 1000, 5, 0),
	(482, 73, 5, 1000, 6, 0),
	(483, 73, 6, 1000, 0, 0),
	(484, 74, 0, 900, 0, 2300),
	(485, 74, 1, 900, 1, 2300),
	(486, 74, 2, 900, 2, 2300),
	(487, 74, 3, 900, 3, 2300),
	(488, 74, 4, 900, 4, 2300),
	(489, 74, 5, 900, 5, 2300),
	(490, 74, 6, 900, 6, 2300),
	(491, 75, 0, 1200, 1, 0),
	(492, 75, 1, 1200, 2, 0),
	(493, 75, 2, 1200, 3, 0),
	(494, 75, 3, 1200, 4, 0),
	(495, 75, 4, 1200, 5, 0),
	(496, 75, 5, 1200, 6, 0),
	(497, 75, 6, 1200, 0, 0),
	(498, 76, 0, 1000, 0, 2200),
	(499, 76, 1, 1000, 1, 2200),
	(500, 76, 2, 1000, 2, 2200),
	(501, 76, 3, 1000, 3, 2200),
	(502, 76, 4, 1000, 4, 2200),
	(503, 76, 5, 1000, 5, 2200),
	(504, 76, 6, 1000, 6, 2200),
	(505, 77, 0, 1100, 0, 2300),
	(506, 77, 1, 1100, 1, 2300),
	(507, 77, 2, 1100, 2, 2300),
	(508, 77, 3, 1100, 3, 2300),
	(509, 77, 4, 1100, 4, 2300),
	(510, 77, 5, 1100, 5, 2300),
	(511, 77, 6, 1100, 6, 2300),
	(512, 78, 0, 1100, 0, 2100),
	(513, 78, 1, 1100, 1, 1600),
	(514, 78, 2, 1100, 2, 2100),
	(515, 78, 3, 1100, 3, 2100),
	(516, 78, 4, 1100, 4, 2100),
	(517, 78, 5, 1100, 5, 2100),
	(518, 78, 6, 1100, 6, 2100),
	(519, 79, 0, 1200, 0, 2300),
	(520, 79, 1, 1200, 1, 2300),
	(521, 79, 2, 1200, 2, 2300),
	(522, 79, 3, 1200, 3, 2300),
	(523, 79, 4, 1200, 4, 2300),
	(524, 79, 5, 1200, 5, 2300),
	(525, 79, 6, 1200, 6, 2300),
	(526, 80, 0, 900, 0, 2100),
	(527, 80, 1, 800, 1, 2200),
	(528, 80, 2, 800, 2, 2200),
	(529, 80, 3, 800, 3, 2200),
	(530, 80, 4, 800, 4, 2200),
	(531, 80, 5, 800, 5, 2300),
	(532, 80, 6, 800, 6, 2300),
	(533, 81, 0, 1100, 0, 2330),
	(534, 81, 1, 1100, 1, 2330),
	(535, 81, 2, 1100, 2, 2330),
	(536, 81, 3, 1100, 3, 2330),
	(537, 81, 4, 1100, 4, 2330),
	(538, 81, 5, 1100, 5, 2330),
	(539, 81, 6, 1100, 6, 2330),
	(540, 82, 0, 1100, 0, 2300),
	(541, 82, 1, 1100, 1, 2300),
	(542, 82, 2, 1100, 2, 2300),
	(543, 82, 3, 1100, 3, 2300),
	(544, 82, 4, 1100, 4, 2300),
	(545, 82, 5, 1100, 5, 2300),
	(546, 82, 6, 1100, 6, 2300),
	(547, 83, 0, 1000, 0, 2300),
	(548, 83, 1, 1000, 1, 2300),
	(549, 83, 2, 1000, 2, 2300),
	(550, 83, 3, 1000, 3, 2300),
	(551, 83, 4, 1000, 4, 2300),
	(552, 83, 5, 1000, 5, 2300),
	(553, 83, 6, 1000, 6, 2300),
	(554, 84, 0, 1000, 0, 2300),
	(555, 84, 1, 1000, 1, 2300),
	(556, 84, 2, 1000, 2, 2300),
	(557, 84, 3, 1000, 3, 2300),
	(558, 84, 4, 1000, 4, 2300),
	(559, 84, 5, 1000, 5, 2300),
	(560, 84, 6, 1000, 6, 2300),
	(561, 85, 0, 1100, 0, 2300),
	(562, 85, 1, 1100, 1, 2300),
	(563, 85, 2, 1100, 2, 2300),
	(564, 85, 3, 1100, 3, 2300),
	(565, 85, 4, 1100, 4, 2300),
	(566, 85, 5, 1100, 5, 2300),
	(567, 85, 6, 1100, 6, 2300),
	(568, 86, 0, 1000, 0, 2200),
	(569, 86, 1, 1000, 1, 2200),
	(570, 86, 2, 1000, 2, 2200),
	(571, 86, 3, 1000, 3, 2200),
	(572, 86, 4, 1000, 4, 2200),
	(573, 86, 5, 1000, 5, 2200),
	(574, 86, 6, 1000, 6, 2200),
	(575, 87, 0, 1000, 0, 2300),
	(576, 87, 1, 1000, 1, 2300),
	(577, 87, 2, 1000, 2, 2300),
	(578, 87, 3, 1000, 3, 2300),
	(579, 87, 4, 1000, 4, 2300),
	(580, 87, 5, 1000, 5, 2300),
	(581, 87, 6, 1000, 6, 2300),
	(582, 88, 0, 1100, 1, 0),
	(583, 88, 1, 1100, 2, 0),
	(584, 88, 2, 1100, 3, 0),
	(585, 88, 3, 1100, 4, 0),
	(586, 88, 4, 1100, 5, 0),
	(587, 88, 5, 1100, 6, 0),
	(588, 88, 6, 1100, 0, 0),
	(589, 89, 0, 0, 0, 2359),
	(590, 89, 1, 0, 1, 2359),
	(591, 89, 2, 0, 2, 2359),
	(592, 89, 3, 0, 3, 2359),
	(593, 89, 4, 0, 4, 2359),
	(594, 89, 5, 0, 5, 2359),
	(595, 89, 6, 0, 6, 2359),
	(596, 90, 0, 1000, 0, 2300),
	(597, 90, 1, 1000, 1, 2300),
	(598, 90, 2, 1000, 2, 2300),
	(599, 90, 3, 1000, 3, 2300),
	(600, 90, 4, 1000, 4, 2300),
	(601, 90, 5, 1000, 5, 2300),
	(602, 90, 6, 1000, 6, 2300),
	(603, 91, 0, 1000, 0, 2200),
	(604, 91, 1, 1000, 1, 2200),
	(605, 91, 2, 1000, 2, 2200),
	(606, 91, 3, 1000, 3, 2200),
	(607, 91, 4, 1000, 4, 2200),
	(608, 91, 5, 1000, 5, 2200),
	(609, 91, 6, 1000, 6, 2200),
	(610, 92, 0, 1200, 1, 0),
	(611, 92, 1, 1200, 2, 0),
	(612, 92, 2, 1200, 3, 0),
	(613, 92, 3, 1200, 4, 0),
	(614, 92, 4, 1200, 5, 0),
	(615, 92, 5, 1200, 6, 0),
	(616, 92, 6, 1200, 0, 0),
	(617, 93, 0, 1000, 0, 2200),
	(618, 93, 1, 900, 1, 2200),
	(619, 93, 2, 900, 2, 2200),
	(620, 93, 3, 900, 3, 2200),
	(621, 93, 4, 900, 4, 2200),
	(622, 93, 5, 900, 5, 2200),
	(623, 93, 6, 900, 6, 2200),
	(624, 94, 0, 700, 0, 2300),
	(625, 94, 1, 700, 1, 2300),
	(626, 94, 2, 700, 2, 2300),
	(627, 94, 3, 700, 3, 2300),
	(628, 94, 4, 700, 4, 2300),
	(629, 94, 5, 700, 5, 2300),
	(630, 94, 6, 700, 6, 2300),
	(631, 95, 0, 800, 0, 2100),
	(632, 95, 1, 800, 1, 2100),
	(633, 95, 2, 800, 2, 2100),
	(634, 95, 3, 800, 3, 2100),
	(635, 95, 4, 800, 4, 2100),
	(636, 95, 5, 800, 5, 2100),
	(637, 95, 6, 800, 6, 2100),
	(638, 96, 0, 830, 0, 2200),
	(639, 96, 1, 830, 1, 2200),
	(640, 96, 2, 830, 2, 2200),
	(641, 96, 3, 830, 3, 2200),
	(642, 96, 4, 830, 4, 2200),
	(643, 96, 5, 830, 5, 2200),
	(644, 96, 6, 830, 6, 2200),
	(645, 98, 0, 900, 0, 2100),
	(646, 98, 1, 800, 1, 2100),
	(647, 98, 2, 800, 2, 2100),
	(648, 98, 3, 800, 3, 2100),
	(649, 98, 4, 800, 4, 2100),
	(650, 98, 5, 800, 5, 2100),
	(651, 98, 6, 900, 6, 2100),
	(652, 99, 0, 0, 0, 2359),
	(653, 99, 1, 0, 1, 2359),
	(654, 99, 2, 0, 2, 2359),
	(655, 99, 3, 0, 3, 2359),
	(656, 99, 4, 0, 4, 2359),
	(657, 99, 5, 0, 5, 2359),
	(658, 99, 6, 0, 6, 2359),
	(659, 100, 0, 1000, 0, 2100),
	(660, 100, 1, 1100, 1, 2100),
	(661, 100, 2, 1100, 2, 2100),
	(662, 100, 3, 1100, 3, 2100),
	(663, 100, 4, 1100, 4, 2100),
	(664, 100, 5, 1100, 5, 2100),
	(665, 100, 6, 1000, 6, 2100),
	(666, 101, 0, 1200, 1, 0),
	(667, 101, 1, 1200, 2, 0),
	(668, 101, 2, 1200, 3, 0),
	(669, 101, 3, 1200, 4, 0),
	(670, 101, 4, 1200, 5, 0),
	(671, 101, 5, 1200, 6, 0),
	(672, 101, 6, 1200, 0, 0),
	(673, 103, 0, 900, 0, 2200),
	(674, 103, 1, 900, 1, 2200),
	(675, 103, 2, 900, 2, 2200),
	(676, 103, 3, 900, 3, 2200),
	(677, 103, 4, 900, 4, 2200),
	(678, 103, 5, 900, 5, 2200),
	(679, 103, 6, 900, 6, 2200),
	(680, 104, 0, 800, 0, 2000),
	(681, 104, 1, 800, 1, 2000),
	(682, 104, 2, 800, 2, 2000),
	(683, 104, 3, 800, 3, 2000),
	(684, 104, 4, 800, 4, 2000),
	(685, 104, 5, 800, 5, 2000),
	(686, 104, 6, 800, 6, 2000),
	(687, 105, 0, 900, 0, 2200),
	(688, 105, 1, 800, 1, 2200),
	(689, 105, 2, 800, 2, 2200),
	(690, 105, 3, 800, 3, 2200),
	(691, 105, 4, 800, 4, 2200),
	(692, 105, 5, 800, 5, 2200),
	(693, 105, 6, 900, 6, 2200),
	(694, 106, 0, 1300, 0, 2100),
	(695, 106, 1, 1100, 1, 2100),
	(696, 106, 2, 1100, 2, 2100),
	(697, 106, 3, 1100, 3, 2100),
	(698, 106, 4, 1100, 4, 2100),
	(699, 106, 5, 1100, 5, 2100),
	(700, 106, 6, 1300, 6, 2100),
	(701, 107, 0, 1000, 0, 2200),
	(702, 107, 1, 1000, 1, 2200),
	(703, 107, 2, 1000, 2, 2200),
	(704, 107, 3, 1000, 3, 2200),
	(705, 107, 4, 1000, 4, 2200),
	(706, 107, 5, 1000, 5, 2200),
	(707, 107, 6, 1000, 6, 2200),
	(708, 108, 0, 1100, 0, 2300),
	(709, 108, 1, 1100, 1, 2300),
	(710, 108, 2, 1100, 2, 2300),
	(711, 108, 3, 1100, 3, 2300),
	(712, 108, 4, 1100, 4, 2300),
	(713, 108, 5, 1100, 5, 2300),
	(714, 108, 6, 1100, 6, 2300),
	(715, 109, 0, 1000, 0, 2100),
	(716, 109, 1, 900, 1, 2100),
	(717, 109, 2, 900, 2, 2100),
	(718, 109, 3, 900, 3, 2100),
	(719, 109, 4, 900, 4, 2100),
	(720, 109, 5, 900, 5, 2100),
	(721, 109, 6, 900, 6, 2100),
	(722, 110, 0, 1000, 0, 2200),
	(723, 110, 1, 1000, 1, 2200),
	(724, 110, 2, 1000, 2, 2200),
	(725, 110, 3, 1000, 3, 2200),
	(726, 110, 4, 1000, 4, 2200),
	(727, 110, 5, 1000, 5, 2200),
	(728, 110, 6, 1000, 6, 2200),
	(729, 111, 0, 0, 0, 2359),
	(730, 111, 1, 0, 1, 2359),
	(731, 111, 2, 0, 2, 2359),
	(732, 111, 3, 0, 3, 2359),
	(733, 111, 4, 0, 4, 2359),
	(734, 111, 5, 0, 5, 2359),
	(735, 111, 6, 0, 6, 2359),
	(736, 112, 0, 1100, 0, 2300),
	(737, 112, 1, 1100, 1, 2300),
	(738, 112, 2, 1100, 2, 2300),
	(739, 112, 3, 1100, 3, 2300),
	(740, 112, 4, 1100, 4, 2300),
	(741, 112, 5, 1100, 5, 2300),
	(742, 112, 6, 1100, 6, 2300),
	(743, 113, 0, 900, 0, 2200),
	(744, 113, 1, 800, 1, 2100),
	(745, 113, 2, 800, 2, 2100),
	(746, 113, 3, 800, 3, 2100),
	(747, 113, 4, 800, 4, 2100),
	(748, 113, 5, 800, 5, 2100),
	(749, 113, 6, 900, 6, 2200),
	(750, 114, 0, 900, 0, 2200),
	(751, 114, 1, 900, 1, 2200),
	(752, 114, 2, 900, 2, 2200),
	(753, 114, 3, 900, 3, 2200),
	(754, 114, 4, 900, 4, 2200),
	(755, 114, 5, 900, 5, 2200),
	(756, 114, 6, 900, 6, 2200),
	(757, 115, 0, 1000, 0, 2200),
	(758, 115, 1, 1000, 1, 2200),
	(759, 115, 2, 1000, 2, 2200),
	(760, 115, 3, 1000, 3, 2200),
	(761, 115, 4, 1000, 4, 2200),
	(762, 115, 5, 1000, 5, 2200),
	(763, 115, 6, 1000, 6, 2200),
	(764, 116, 0, 800, 0, 2300),
	(765, 116, 1, 800, 1, 2300),
	(766, 116, 2, 800, 2, 2300),
	(767, 116, 3, 800, 3, 2300),
	(768, 116, 4, 800, 4, 2300),
	(769, 116, 5, 800, 5, 2300),
	(770, 116, 6, 800, 6, 2300),
	(771, 117, 0, 800, 0, 2200),
	(772, 117, 1, 700, 1, 2200),
	(773, 117, 2, 700, 2, 2200),
	(774, 117, 3, 700, 3, 2200),
	(775, 117, 4, 700, 4, 2200),
	(776, 117, 5, 700, 5, 2200),
	(777, 117, 6, 800, 6, 2200),
	(778, 118, 0, 900, 0, 2100),
	(779, 118, 1, 730, 1, 2100),
	(780, 118, 2, 730, 2, 2100),
	(781, 118, 3, 730, 3, 2100),
	(782, 118, 4, 730, 4, 2100),
	(783, 118, 5, 730, 5, 2100),
	(784, 118, 6, 900, 6, 2100),
	(785, 119, 0, 830, 0, 2200),
	(786, 119, 1, 830, 1, 2200),
	(787, 119, 2, 830, 2, 2200),
	(788, 119, 3, 830, 3, 2200),
	(789, 119, 4, 830, 4, 2200),
	(790, 119, 5, 830, 5, 2200),
	(791, 119, 6, 830, 6, 2200),
	(792, 120, 0, 1000, 0, 1800),
	(793, 120, 1, 1000, 1, 1900),
	(794, 120, 2, 1000, 2, 1900),
	(795, 120, 3, 1000, 3, 1900),
	(796, 120, 4, 1000, 4, 1900),
	(797, 120, 5, 0, 5, 0),
	(798, 120, 6, 1000, 6, 1800),
	(799, 121, 0, 1000, 0, 1800),
	(800, 121, 1, 0, 1, 0),
	(801, 121, 2, 1000, 2, 1800),
	(802, 121, 3, 1000, 3, 1800),
	(803, 121, 4, 1000, 4, 1800),
	(804, 121, 5, 1000, 5, 1800),
	(805, 121, 6, 1000, 6, 1800),
	(806, 122, 0, 900, 0, 1700),
	(807, 122, 1, 900, 1, 1800),
	(808, 122, 2, 900, 2, 1800),
	(809, 122, 3, 900, 3, 1800),
	(810, 122, 4, 900, 4, 1800),
	(811, 122, 5, 900, 5, 1700),
	(812, 122, 6, 0, 6, 0),
	(813, 123, 0, 1000, 0, 1800),
	(814, 123, 1, 1030, 1, 1830),
	(815, 123, 2, 1030, 2, 1830),
	(816, 123, 3, 1030, 3, 1830),
	(817, 123, 4, 1030, 4, 1830),
	(818, 123, 5, 1030, 5, 1830),
	(819, 123, 6, 1030, 6, 1630),
	(820, 124, 0, 1000, 0, 1800),
	(821, 124, 1, 1000, 1, 1800),
	(822, 124, 2, 1000, 2, 1800),
	(823, 124, 3, 1000, 3, 1800),
	(824, 124, 4, 1000, 4, 1800),
	(825, 124, 5, 1000, 5, 1800),
	(826, 124, 6, 945, 6, 1815),
	(827, 125, 0, 0, 0, 0),
	(828, 125, 1, 1000, 1, 1800),
	(829, 125, 2, 1000, 2, 1800),
	(830, 125, 3, 1000, 3, 1800),
	(831, 125, 4, 1000, 4, 1800),
	(832, 125, 5, 1000, 5, 1800),
	(833, 125, 6, 900, 6, 1700),
	(834, 126, 0, 0, 0, 0),
	(835, 126, 1, 900, 1, 1700),
	(836, 126, 2, 900, 2, 1700),
	(837, 126, 3, 900, 3, 1700),
	(838, 126, 4, 900, 4, 1700),
	(839, 126, 5, 900, 5, 1700),
	(840, 126, 6, 900, 6, 1700),
	(841, 127, 0, 1000, 0, 1800),
	(842, 127, 1, 0, 1, 0),
	(843, 127, 2, 1000, 2, 1800),
	(844, 127, 3, 1000, 3, 1800),
	(845, 127, 4, 1000, 4, 1800),
	(846, 127, 5, 1000, 5, 1800),
	(847, 127, 6, 1000, 6, 1800),
	(848, 128, 0, 0, 0, 0),
	(849, 128, 1, 900, 1, 1700),
	(850, 128, 2, 900, 2, 1700),
	(851, 128, 3, 900, 3, 1700),
	(852, 128, 4, 900, 4, 1700),
	(853, 128, 5, 900, 5, 1700),
	(854, 128, 6, 0, 6, 0),
	(855, 129, 0, 900, 0, 1800),
	(856, 129, 1, 0, 1, 0),
	(857, 129, 2, 900, 2, 1800),
	(858, 129, 3, 900, 3, 1800),
	(859, 129, 4, 900, 4, 1800),
	(860, 129, 5, 900, 5, 1800),
	(861, 129, 6, 900, 6, 1800),
	(862, 130, 0, 900, 0, 1800),
	(863, 130, 1, 0, 1, 0),
	(864, 130, 2, 900, 2, 1800),
	(865, 130, 3, 900, 3, 1800),
	(866, 130, 4, 900, 4, 1800),
	(867, 130, 5, 900, 5, 1800),
	(868, 130, 6, 900, 6, 1800),
	(869, 131, 0, 0, 0, 0),
	(870, 131, 1, 1000, 1, 1800),
	(871, 131, 2, 1000, 2, 1800),
	(872, 131, 3, 1000, 3, 1800),
	(873, 131, 4, 1000, 4, 1800),
	(874, 131, 5, 1000, 5, 1800),
	(875, 131, 6, 0, 6, 0),
	(876, 133, 0, 1000, 1, 200),
	(877, 133, 1, 1000, 2, 200),
	(878, 133, 2, 1000, 3, 200),
	(879, 133, 3, 1000, 4, 200),
	(880, 133, 4, 1000, 5, 200),
	(881, 133, 5, 1000, 6, 200),
	(882, 133, 6, 1000, 0, 200),
	(883, 134, 0, 1000, 1, 100),
	(884, 134, 1, 1000, 2, 100),
	(885, 134, 2, 1000, 3, 100),
	(886, 134, 3, 1000, 4, 100),
	(887, 134, 4, 1000, 5, 100),
	(888, 134, 5, 1000, 6, 100),
	(889, 134, 6, 1000, 0, 100),
	(890, 137, 0, 1200, 1, 0),
	(891, 137, 1, 1200, 2, 0),
	(892, 137, 2, 1200, 3, 0),
	(893, 137, 3, 1200, 4, 0),
	(894, 137, 4, 1200, 5, 0),
	(895, 137, 5, 1200, 6, 0),
	(896, 137, 6, 1200, 0, 0),
	(897, 138, 0, 800, 0, 2230),
	(898, 138, 1, 1700, 1, 2230),
	(899, 138, 2, 1700, 2, 2230),
	(900, 138, 3, 1700, 3, 2230),
	(901, 138, 4, 1700, 4, 2230),
	(902, 138, 5, 1700, 5, 2230),
	(903, 138, 6, 1500, 6, 2230),
	(904, 139, 0, 1000, 0, 1800),
	(905, 139, 1, 0, 1, 0),
	(906, 139, 2, 1000, 2, 1800),
	(907, 139, 3, 1000, 3, 1800),
	(908, 139, 4, 1000, 4, 1800),
	(909, 139, 5, 0, 5, 0),
	(910, 139, 6, 1000, 6, 1800),
	(911, 140, 0, 1000, 0, 1800),
	(912, 140, 1, 0, 1, 0),
	(913, 140, 2, 1000, 2, 1800),
	(914, 140, 3, 1000, 3, 1800),
	(915, 140, 4, 1000, 4, 1800),
	(916, 140, 5, 1000, 5, 1800),
	(917, 140, 6, 1000, 6, 1800),
	(918, 141, 0, 1000, 0, 1800),
	(919, 141, 1, 0, 1, 0),
	(920, 141, 2, 1000, 2, 1800),
	(921, 141, 3, 1000, 3, 1800),
	(922, 141, 4, 1000, 4, 1800),
	(923, 141, 5, 0, 5, 0),
	(924, 141, 6, 1000, 6, 1800),
	(925, 142, 0, 0, 0, 0),
	(926, 142, 1, 1000, 1, 1800),
	(927, 142, 2, 1000, 2, 1800),
	(928, 142, 3, 1000, 3, 1800),
	(929, 142, 4, 1000, 4, 1800),
	(930, 142, 5, 1000, 5, 1800),
	(931, 142, 6, 0, 6, 0),
	(932, 143, 0, 0, 0, 0),
	(933, 143, 1, 0, 1, 0),
	(934, 143, 2, 1100, 2, 1800),
	(935, 143, 3, 1100, 3, 1800),
	(936, 143, 4, 1100, 4, 1800),
	(937, 143, 5, 1100, 5, 1800),
	(938, 143, 6, 1100, 6, 1600),
	(939, 144, 0, 0, 0, 0),
	(940, 144, 1, 900, 1, 1700),
	(941, 144, 2, 900, 2, 1700),
	(942, 144, 3, 900, 3, 1700),
	(943, 144, 4, 900, 4, 1700),
	(944, 144, 5, 900, 5, 1700),
	(945, 144, 6, 0, 6, 0),
	(946, 145, 0, 0, 0, 0),
	(947, 145, 1, 1000, 1, 1700),
	(948, 145, 2, 1000, 2, 1700),
	(949, 145, 3, 1000, 3, 1700),
	(950, 145, 4, 1000, 4, 1700),
	(951, 145, 5, 1000, 5, 1700),
	(952, 145, 6, 0, 6, 0),
	(953, 146, 0, 1000, 1, 400),
	(954, 146, 1, 1000, 2, 100),
	(955, 146, 2, 1000, 3, 400),
	(956, 146, 3, 1000, 4, 400),
	(957, 146, 4, 1000, 5, 400),
	(958, 146, 5, 1000, 6, 600),
	(959, 146, 6, 1000, 0, 600),
	(960, 147, 0, 1900, 1, 300),
	(961, 147, 1, 0, 1, 0),
	(962, 147, 2, 1900, 3, 300),
	(963, 147, 3, 1900, 4, 300),
	(964, 147, 4, 1900, 5, 300),
	(965, 147, 5, 1900, 6, 500),
	(966, 147, 6, 1900, 0, 500),
	(967, 148, 0, 1200, 1, 400),
	(968, 148, 1, 0, 1, 0),
	(969, 148, 2, 1200, 3, 400),
	(970, 148, 3, 1200, 4, 400),
	(971, 148, 4, 1200, 5, 400),
	(972, 148, 5, 1200, 6, 400),
	(973, 148, 6, 1200, 0, 400),
	(974, 150, 0, 1100, 1, 100),
	(975, 150, 1, 1300, 2, 100),
	(976, 150, 2, 1300, 3, 100),
	(977, 150, 3, 1300, 4, 100),
	(978, 150, 4, 1300, 5, 100),
	(979, 150, 5, 1300, 6, 300),
	(980, 150, 6, 1100, 0, 300),
	(981, 151, 0, 0, 0, 0),
	(982, 151, 1, 800, 1, 1700),
	(983, 151, 2, 800, 2, 1700),
	(984, 151, 3, 800, 3, 1700),
	(985, 151, 4, 800, 4, 1700),
	(986, 151, 5, 800, 5, 1700),
	(987, 151, 6, 800, 6, 1700),
	(988, 152, 0, 0, 0, 2359),
	(989, 152, 1, 0, 1, 2359),
	(990, 152, 2, 0, 2, 2359),
	(991, 152, 3, 0, 3, 2359),
	(992, 152, 4, 0, 4, 2359),
	(993, 152, 5, 0, 5, 2359),
	(994, 152, 6, 0, 6, 2359),
	(995, 153, 0, 1200, 1, 0),
	(996, 153, 1, 0, 1, 0),
	(997, 153, 2, 1200, 3, 100),
	(998, 153, 3, 1200, 4, 100),
	(999, 153, 4, 1200, 5, 100),
	(1000, 153, 5, 1200, 6, 100),
	(1001, 153, 6, 1200, 0, 100),
	(1002, 155, 0, 0, 0, 2359),
	(1003, 155, 1, 0, 1, 2359),
	(1004, 155, 2, 0, 2, 2359),
	(1005, 155, 3, 0, 3, 2359),
	(1006, 155, 4, 0, 4, 2359),
	(1007, 155, 5, 0, 5, 2359),
	(1008, 155, 6, 0, 6, 2359),
	(1009, 156, 0, 800, 0, 2100),
	(1010, 156, 1, 800, 1, 2100),
	(1011, 156, 2, 800, 2, 2100),
	(1012, 156, 3, 800, 3, 2100),
	(1013, 156, 4, 800, 4, 2100),
	(1014, 156, 5, 800, 5, 2100),
	(1015, 156, 6, 800, 6, 2100),
	(1016, 157, 0, 0, 0, 2359),
	(1017, 157, 1, 0, 1, 2359),
	(1018, 157, 2, 0, 2, 2359),
	(1019, 157, 3, 0, 3, 2359),
	(1020, 157, 4, 0, 4, 2359),
	(1021, 157, 5, 0, 5, 2359),
	(1022, 157, 6, 0, 6, 2359),
	(1023, 158, 0, 0, 0, 2359),
	(1024, 158, 1, 0, 1, 2359),
	(1025, 158, 2, 0, 2, 2359),
	(1026, 158, 3, 0, 3, 2359),
	(1027, 158, 4, 0, 4, 2359),
	(1028, 158, 5, 0, 5, 2359),
	(1029, 158, 6, 0, 6, 2359),
	(1030, 159, 0, 900, 0, 2100),
	(1031, 159, 1, 900, 1, 2100),
	(1032, 159, 2, 900, 2, 2100),
	(1033, 159, 3, 900, 3, 2100),
	(1034, 159, 4, 900, 4, 2100),
	(1035, 159, 5, 900, 5, 2100),
	(1036, 159, 6, 900, 6, 2100),
	(1037, 160, 0, 0, 0, 2359),
	(1038, 160, 1, 0, 1, 2359),
	(1039, 160, 2, 0, 2, 2359),
	(1040, 160, 3, 0, 3, 2359),
	(1041, 160, 4, 0, 4, 2359),
	(1042, 160, 5, 0, 5, 2359),
	(1043, 160, 6, 0, 6, 2359),
	(1044, 161, 0, 800, 0, 2100),
	(1045, 161, 1, 800, 1, 2100),
	(1046, 161, 2, 800, 2, 2100),
	(1047, 161, 3, 800, 3, 2100),
	(1048, 161, 4, 800, 4, 2100),
	(1049, 161, 5, 800, 5, 2100),
	(1050, 161, 6, 800, 6, 2100),
	(1051, 162, 0, 0, 0, 2359),
	(1052, 162, 1, 0, 1, 2359),
	(1053, 162, 2, 0, 2, 2359),
	(1054, 162, 3, 0, 3, 2359),
	(1055, 162, 4, 0, 4, 2359),
	(1056, 162, 5, 0, 5, 2359),
	(1057, 162, 6, 0, 6, 2359),
	(1058, 163, 0, 0, 0, 2359),
	(1059, 163, 1, 0, 1, 2359),
	(1060, 163, 2, 0, 2, 2359),
	(1061, 163, 3, 0, 3, 2359),
	(1062, 163, 4, 0, 4, 2359),
	(1063, 163, 5, 0, 5, 2359),
	(1064, 163, 6, 0, 6, 2359),
	(1065, 164, 0, 0, 0, 2359),
	(1066, 164, 1, 0, 1, 2359),
	(1067, 164, 2, 0, 2, 2359),
	(1068, 164, 3, 0, 3, 2359),
	(1069, 164, 4, 0, 4, 2359),
	(1070, 164, 5, 0, 5, 2359),
	(1071, 164, 6, 0, 6, 2359),
	(1072, 165, 0, 0, 0, 2359),
	(1073, 165, 1, 0, 1, 2359),
	(1074, 165, 2, 0, 2, 2359),
	(1075, 165, 3, 0, 3, 2359),
	(1076, 165, 4, 0, 4, 2359),
	(1077, 165, 5, 0, 5, 2359),
	(1078, 165, 6, 0, 6, 2359),
	(1079, 166, 0, 0, 0, 2359),
	(1080, 166, 1, 0, 1, 2359),
	(1081, 166, 2, 0, 2, 2359),
	(1082, 166, 3, 0, 3, 2359),
	(1083, 166, 4, 0, 4, 2359),
	(1084, 166, 5, 0, 5, 2359),
	(1085, 166, 6, 0, 6, 2359),
	(1086, 167, 0, 0, 0, 2359),
	(1087, 167, 1, 0, 1, 2359),
	(1088, 167, 2, 0, 2, 2359),
	(1089, 167, 3, 0, 3, 2359),
	(1090, 167, 4, 0, 4, 2359),
	(1091, 167, 5, 0, 5, 2359),
	(1092, 167, 6, 0, 6, 2359),
	(1093, 168, 0, 0, 0, 2359),
	(1094, 168, 1, 0, 1, 2359),
	(1095, 168, 2, 0, 2, 2359),
	(1096, 168, 3, 0, 3, 2359),
	(1097, 168, 4, 0, 4, 2359),
	(1098, 168, 5, 0, 5, 2359),
	(1099, 168, 6, 0, 6, 2359),
	(1100, 169, 0, 0, 0, 2359),
	(1101, 169, 1, 0, 1, 2359),
	(1102, 169, 2, 0, 2, 2359),
	(1103, 169, 3, 0, 3, 2359),
	(1104, 169, 4, 0, 4, 2359),
	(1105, 169, 5, 0, 5, 2359),
	(1106, 169, 6, 0, 6, 2359),
	(1107, 170, 0, 0, 0, 2359),
	(1108, 170, 1, 0, 1, 2359),
	(1109, 170, 2, 0, 2, 2359),
	(1110, 170, 3, 0, 3, 2359),
	(1111, 170, 4, 0, 4, 2359),
	(1112, 170, 5, 0, 5, 2359),
	(1113, 170, 6, 0, 6, 2359),
	(1114, 171, 0, 0, 0, 2359),
	(1115, 171, 1, 0, 1, 2359),
	(1116, 171, 2, 0, 2, 2359),
	(1117, 171, 3, 0, 3, 2359),
	(1118, 171, 4, 0, 4, 2359),
	(1119, 171, 5, 0, 5, 2359),
	(1120, 171, 6, 0, 6, 2359),
	(1121, 172, 0, 0, 0, 0),
	(1122, 172, 1, 900, 1, 1700),
	(1123, 172, 2, 900, 2, 1700),
	(1124, 172, 3, 900, 3, 1700),
	(1125, 172, 4, 900, 4, 1700),
	(1126, 172, 5, 900, 5, 1700),
	(1127, 172, 6, 0, 6, 0),
	(1128, 173, 0, 0, 0, 2359),
	(1129, 173, 1, 0, 1, 2359),
	(1130, 173, 2, 0, 2, 2359),
	(1131, 173, 3, 0, 3, 2359),
	(1132, 173, 4, 0, 4, 2359),
	(1133, 173, 5, 0, 5, 2359),
	(1134, 173, 6, 0, 6, 2359),
	(1135, 175, 0, 0, 0, 2359),
	(1136, 175, 1, 0, 1, 2359),
	(1137, 175, 2, 0, 2, 2359),
	(1138, 175, 3, 0, 3, 2359),
	(1139, 175, 4, 0, 4, 2359),
	(1140, 175, 5, 0, 5, 2359),
	(1141, 175, 6, 0, 6, 2359),
	(1142, 176, 0, 0, 0, 0),
	(1143, 176, 1, 1000, 1, 1400),
	(1144, 176, 2, 1000, 2, 1400),
	(1145, 176, 3, 1000, 3, 1400),
	(1146, 176, 4, 1000, 4, 1400),
	(1147, 176, 5, 1000, 5, 1400),
	(1148, 176, 6, 1000, 6, 1400),
	(1149, 177, 0, 0, 0, 2359),
	(1150, 177, 1, 0, 1, 2359),
	(1151, 177, 2, 0, 2, 2359),
	(1152, 177, 3, 0, 3, 2359),
	(1153, 177, 4, 0, 4, 2359),
	(1154, 177, 5, 0, 5, 2359),
	(1155, 177, 6, 0, 6, 2359),
	(1156, 178, 0, 0, 0, 2359),
	(1157, 178, 1, 0, 1, 2359),
	(1158, 178, 2, 0, 2, 2359),
	(1159, 178, 3, 0, 3, 2359),
	(1160, 178, 4, 0, 4, 2359),
	(1161, 178, 5, 0, 5, 2359),
	(1162, 178, 6, 0, 6, 2359),
	(1163, 179, 0, 0, 0, 2359),
	(1164, 179, 1, 0, 1, 2359),
	(1165, 179, 2, 0, 2, 2359),
	(1166, 179, 3, 0, 3, 2359),
	(1167, 179, 4, 0, 4, 2359),
	(1168, 179, 5, 0, 5, 2359),
	(1169, 179, 6, 0, 6, 2359),
	(1170, 180, 0, 0, 0, 2359),
	(1171, 180, 1, 0, 1, 2359),
	(1172, 180, 2, 0, 2, 2359),
	(1173, 180, 3, 0, 3, 2359),
	(1174, 180, 4, 0, 4, 2359),
	(1175, 180, 5, 0, 5, 2359),
	(1176, 180, 6, 0, 6, 2359),
	(1177, 181, 0, 0, 0, 2359),
	(1178, 181, 1, 0, 1, 2359),
	(1179, 181, 2, 0, 2, 2359),
	(1180, 181, 3, 0, 3, 2359),
	(1181, 181, 4, 0, 4, 2359),
	(1182, 181, 5, 0, 5, 2359),
	(1183, 181, 6, 0, 6, 2359),
	(1184, 182, 0, 0, 0, 2359),
	(1185, 182, 1, 0, 1, 2359),
	(1186, 182, 2, 0, 2, 2359),
	(1187, 182, 3, 0, 3, 2359),
	(1188, 182, 4, 0, 4, 2359),
	(1189, 182, 5, 0, 5, 2359),
	(1190, 182, 6, 0, 6, 2359),
	(1191, 183, 0, 0, 0, 2359),
	(1192, 183, 1, 0, 1, 2359),
	(1193, 183, 2, 0, 2, 2359),
	(1194, 183, 3, 0, 3, 2359),
	(1195, 183, 4, 0, 4, 2359),
	(1196, 183, 5, 0, 5, 2359),
	(1197, 183, 6, 0, 6, 2359),
	(1198, 184, 0, 0, 0, 2359),
	(1199, 184, 1, 0, 1, 2359),
	(1200, 184, 2, 0, 2, 2359),
	(1201, 184, 3, 0, 3, 2359),
	(1202, 184, 4, 0, 4, 2359),
	(1203, 184, 5, 0, 5, 2359),
	(1204, 184, 6, 0, 6, 2359),
	(1205, 185, 0, 0, 0, 2359),
	(1206, 185, 1, 0, 1, 2359),
	(1207, 185, 2, 0, 2, 2359),
	(1208, 185, 3, 0, 3, 2359),
	(1209, 185, 4, 0, 4, 2359),
	(1210, 185, 5, 0, 5, 2359),
	(1211, 185, 6, 0, 6, 2359),
	(1212, 186, 0, 0, 0, 2359),
	(1213, 186, 1, 0, 1, 2359),
	(1214, 186, 2, 0, 2, 2359),
	(1215, 186, 3, 0, 3, 2359),
	(1216, 186, 4, 0, 4, 2359),
	(1217, 186, 5, 0, 5, 2359),
	(1218, 186, 6, 0, 6, 2359),
	(1219, 187, 0, 0, 0, 2359),
	(1220, 187, 1, 0, 1, 2359),
	(1221, 187, 2, 0, 2, 2359),
	(1222, 187, 3, 0, 3, 2359),
	(1223, 187, 4, 0, 4, 2359),
	(1224, 187, 5, 0, 5, 2359),
	(1225, 187, 6, 0, 6, 2359),
	(1226, 190, 0, 0, 0, 2359),
	(1227, 190, 1, 0, 1, 2359),
	(1228, 190, 2, 0, 2, 2359),
	(1229, 190, 3, 0, 3, 2359),
	(1230, 190, 4, 0, 4, 2359),
	(1231, 190, 5, 0, 5, 2359),
	(1232, 190, 6, 0, 6, 2359),
	(1233, 192, 0, 0, 0, 2359),
	(1234, 192, 1, 0, 1, 2359),
	(1235, 192, 2, 0, 2, 2359),
	(1236, 192, 3, 0, 3, 2359),
	(1237, 192, 4, 0, 4, 2359),
	(1238, 192, 5, 0, 5, 2359),
	(1239, 192, 6, 0, 6, 2359),
	(1240, 193, 0, 0, 0, 0),
	(1241, 193, 1, 900, 1, 1800),
	(1242, 193, 2, 900, 2, 1800),
	(1243, 193, 3, 900, 3, 1800),
	(1244, 193, 4, 900, 4, 1800),
	(1245, 193, 5, 900, 5, 1800),
	(1246, 193, 6, 1000, 6, 1500),
	(1247, 194, 0, 1100, 1, 0),
	(1248, 194, 1, 1100, 2, 0),
	(1249, 194, 2, 1100, 3, 0),
	(1250, 194, 3, 1100, 4, 0),
	(1251, 194, 4, 1100, 5, 0),
	(1252, 194, 5, 1100, 6, 0),
	(1253, 194, 6, 1100, 0, 0),
	(1254, 195, 0, 1100, 0, 2300),
	(1255, 195, 1, 1100, 1, 2300),
	(1256, 195, 2, 1100, 2, 2300),
	(1257, 195, 3, 1100, 3, 2300),
	(1258, 195, 4, 1100, 4, 2300),
	(1259, 195, 5, 1100, 5, 2300),
	(1260, 195, 6, 1100, 6, 2300),
	(1261, 196, 0, 1200, 1, 0),
	(1262, 196, 1, 1200, 2, 0),
	(1263, 196, 2, 1200, 3, 0),
	(1264, 196, 3, 1200, 4, 0),
	(1265, 196, 4, 1200, 5, 0),
	(1266, 196, 5, 1200, 6, 0),
	(1267, 196, 6, 1200, 0, 0),
	(1268, 197, 0, 1100, 0, 2300),
	(1269, 197, 1, 1100, 1, 2300),
	(1270, 197, 2, 1100, 2, 2300),
	(1271, 197, 3, 1100, 3, 2300),
	(1272, 197, 4, 1100, 4, 2300),
	(1273, 197, 5, 1100, 5, 2300),
	(1274, 197, 6, 1100, 6, 2300),
	(1275, 198, 0, 1100, 0, 2300),
	(1276, 198, 1, 1100, 1, 2300),
	(1277, 198, 2, 1100, 2, 2300),
	(1278, 198, 3, 1100, 3, 2300),
	(1279, 198, 4, 1100, 4, 2300),
	(1280, 198, 5, 1100, 5, 2300),
	(1281, 198, 6, 1100, 6, 2300),
	(1282, 199, 0, 1000, 0, 2300),
	(1283, 199, 1, 1000, 1, 2300),
	(1284, 199, 2, 1000, 2, 2300),
	(1285, 199, 3, 1000, 3, 2300),
	(1286, 199, 4, 1000, 4, 2300),
	(1287, 199, 5, 1000, 5, 2300),
	(1288, 199, 6, 1000, 6, 2300),
	(1289, 200, 0, 1000, 1, 0),
	(1290, 200, 1, 930, 2, 0),
	(1291, 200, 2, 1000, 3, 0),
	(1292, 200, 3, 1000, 4, 0),
	(1293, 200, 4, 1000, 5, 0),
	(1294, 200, 5, 1000, 6, 0),
	(1295, 200, 6, 1000, 0, 0),
	(1296, 201, 0, 1100, 0, 2300),
	(1297, 201, 1, 1100, 1, 2300),
	(1298, 201, 2, 1100, 2, 2300),
	(1299, 201, 3, 1100, 3, 2300),
	(1300, 201, 4, 1100, 4, 2300),
	(1301, 201, 5, 1100, 5, 2300),
	(1302, 201, 6, 1100, 6, 2300),
	(1303, 202, 0, 1130, 1, 0),
	(1304, 202, 1, 1130, 2, 0),
	(1305, 202, 2, 1130, 3, 0),
	(1306, 202, 3, 1130, 4, 0),
	(1307, 202, 4, 1130, 5, 0),
	(1308, 202, 5, 1130, 6, 0),
	(1309, 202, 6, 1130, 0, 0),
	(1310, 203, 0, 1100, 1, 0),
	(1311, 203, 1, 1100, 2, 0),
	(1312, 203, 2, 1100, 3, 0),
	(1313, 203, 3, 1100, 4, 0),
	(1314, 203, 4, 1100, 5, 0),
	(1315, 203, 5, 1100, 6, 0),
	(1316, 203, 6, 1100, 0, 0),
	(1317, 204, 0, 1030, 1, 0),
	(1318, 204, 1, 1030, 2, 0),
	(1319, 204, 2, 1030, 3, 0),
	(1320, 204, 3, 1030, 4, 0),
	(1321, 204, 4, 1030, 5, 0),
	(1322, 204, 5, 1030, 6, 100),
	(1323, 204, 6, 1030, 0, 100),
	(1324, 205, 0, 1100, 0, 2300),
	(1325, 205, 1, 1100, 1, 2300),
	(1326, 205, 2, 1100, 2, 2300),
	(1327, 205, 3, 1100, 3, 2300),
	(1328, 205, 4, 1100, 4, 2300),
	(1329, 205, 5, 1100, 5, 2300),
	(1330, 205, 6, 1100, 6, 2300),
	(1331, 206, 0, 1000, 1, 0),
	(1332, 206, 1, 1000, 2, 0),
	(1333, 206, 2, 1000, 3, 0),
	(1334, 206, 3, 1000, 4, 0),
	(1335, 206, 4, 1000, 5, 200),
	(1336, 206, 5, 1000, 6, 200),
	(1337, 206, 6, 1000, 0, 200),
	(1338, 207, 0, 1100, 1, 0),
	(1339, 207, 1, 1100, 2, 0),
	(1340, 207, 2, 1100, 3, 0),
	(1341, 207, 3, 1100, 4, 0),
	(1342, 207, 4, 1100, 5, 0),
	(1343, 207, 5, 1100, 6, 0),
	(1344, 207, 6, 1100, 6, 2300),
	(1345, 208, 0, 1200, 1, 0),
	(1346, 208, 1, 1200, 2, 0),
	(1347, 208, 2, 1200, 3, 0),
	(1348, 208, 3, 1200, 4, 0),
	(1349, 208, 4, 1200, 5, 0),
	(1350, 208, 5, 1200, 6, 0),
	(1351, 208, 6, 1200, 0, 0),
	(1352, 209, 0, 1100, 0, 2300),
	(1353, 209, 1, 1100, 1, 2300),
	(1354, 209, 2, 1100, 2, 2300),
	(1355, 209, 3, 1100, 3, 2300),
	(1356, 209, 4, 1100, 4, 2300),
	(1357, 209, 5, 1100, 5, 2300),
	(1358, 209, 6, 1100, 6, 2300),
	(1359, 210, 0, 1200, 1, 0),
	(1360, 210, 1, 1200, 2, 0),
	(1361, 210, 2, 1200, 3, 0),
	(1362, 210, 3, 1200, 4, 0),
	(1363, 210, 4, 1200, 5, 0),
	(1364, 210, 5, 1200, 6, 0),
	(1365, 210, 6, 1200, 0, 0),
	(1366, 211, 0, 1100, 0, 2300),
	(1367, 211, 1, 1100, 1, 2300),
	(1368, 211, 2, 1100, 2, 2300),
	(1369, 211, 3, 1100, 3, 2300),
	(1370, 211, 4, 1100, 4, 2300),
	(1371, 211, 5, 1100, 5, 2300),
	(1372, 211, 6, 1100, 6, 2300),
	(1373, 212, 0, 1200, 1, 0),
	(1374, 212, 1, 1200, 2, 0),
	(1375, 212, 2, 1200, 3, 0),
	(1376, 212, 3, 1200, 4, 0),
	(1377, 212, 4, 1200, 5, 0),
	(1378, 212, 5, 1200, 6, 0),
	(1379, 212, 6, 1200, 0, 0),
	(1380, 213, 0, 1100, 0, 2100),
	(1381, 213, 1, 1100, 1, 2100),
	(1382, 213, 2, 1100, 2, 2100),
	(1383, 213, 3, 1100, 3, 2100),
	(1384, 213, 4, 1100, 4, 2100),
	(1385, 213, 5, 1100, 5, 2100),
	(1386, 213, 6, 1100, 6, 2100),
	(1387, 214, 0, 1100, 0, 2300),
	(1388, 214, 1, 1100, 1, 2300),
	(1389, 214, 2, 1100, 2, 2300),
	(1390, 214, 3, 1100, 3, 2300),
	(1391, 214, 4, 1100, 4, 2300),
	(1392, 214, 5, 1100, 5, 2300),
	(1393, 214, 6, 1100, 6, 2300),
	(1394, 215, 0, 1100, 0, 2300),
	(1395, 215, 1, 1100, 1, 2300),
	(1396, 215, 2, 1100, 2, 2300),
	(1397, 215, 3, 1100, 3, 2300),
	(1398, 215, 4, 1100, 4, 2300),
	(1399, 215, 5, 1100, 5, 2300),
	(1400, 215, 6, 1100, 6, 2300),
	(1401, 216, 0, 1200, 1, 0),
	(1402, 216, 1, 1200, 2, 0),
	(1403, 216, 2, 1200, 3, 0),
	(1404, 216, 3, 1200, 4, 0),
	(1405, 216, 4, 1200, 5, 0),
	(1406, 216, 5, 1200, 6, 0),
	(1407, 216, 6, 1200, 0, 0),
	(1408, 217, 0, 1000, 0, 2300),
	(1409, 217, 1, 1000, 1, 2300),
	(1410, 217, 2, 1000, 2, 2300),
	(1411, 217, 3, 1000, 3, 2300),
	(1412, 217, 4, 1000, 4, 2300),
	(1413, 217, 5, 1000, 5, 2300),
	(1414, 217, 6, 1000, 6, 2300),
	(1415, 218, 0, 1000, 0, 2300),
	(1416, 218, 1, 800, 1, 2300),
	(1417, 218, 2, 800, 2, 2300),
	(1418, 218, 3, 800, 3, 2300),
	(1419, 218, 4, 800, 4, 2300),
	(1420, 218, 5, 800, 5, 2300),
	(1421, 218, 6, 800, 6, 2300),
	(1422, 219, 0, 1000, 1, 0),
	(1423, 219, 1, 1000, 1, 2300),
	(1424, 219, 2, 1000, 2, 2300),
	(1425, 219, 3, 1000, 3, 2300),
	(1426, 219, 4, 1000, 4, 2300),
	(1427, 219, 5, 1000, 6, 0),
	(1428, 219, 6, 1000, 0, 0),
	(1429, 220, 0, 1200, 1, 0),
	(1430, 220, 1, 1200, 2, 0),
	(1431, 220, 2, 1200, 3, 0),
	(1432, 220, 3, 1200, 4, 0),
	(1433, 220, 4, 1200, 5, 0),
	(1434, 220, 5, 1200, 6, 0),
	(1435, 220, 6, 1200, 0, 0),
	(1436, 221, 0, 1100, 0, 2300),
	(1437, 221, 1, 1100, 1, 2300),
	(1438, 221, 2, 1100, 2, 2300),
	(1439, 221, 3, 1100, 3, 2300),
	(1440, 221, 4, 1100, 4, 2300),
	(1441, 221, 5, 1100, 5, 2300),
	(1442, 221, 6, 1100, 6, 2300),
	(1443, 222, 0, 1000, 0, 2300),
	(1444, 222, 1, 1000, 1, 2300),
	(1445, 222, 2, 1000, 2, 2300),
	(1446, 222, 3, 1000, 3, 2300),
	(1447, 222, 4, 1000, 4, 2300),
	(1448, 222, 5, 1000, 5, 2300),
	(1449, 222, 6, 1000, 6, 2300),
	(1450, 223, 0, 1200, 1, 0),
	(1451, 223, 1, 1200, 2, 0),
	(1452, 223, 2, 1200, 3, 0),
	(1453, 223, 3, 1200, 4, 0),
	(1454, 223, 4, 1200, 5, 0),
	(1455, 223, 5, 1200, 6, 0),
	(1456, 223, 6, 1200, 0, 0),
	(1457, 224, 0, 1000, 0, 2200),
	(1458, 224, 1, 1000, 1, 2200),
	(1459, 224, 2, 1000, 2, 2200),
	(1460, 224, 3, 1000, 3, 2200),
	(1461, 224, 4, 1000, 4, 2200),
	(1462, 224, 5, 1000, 5, 2200),
	(1463, 224, 6, 1000, 6, 2200),
	(1464, 225, 0, 1100, 0, 2300),
	(1465, 225, 1, 1100, 1, 2300),
	(1466, 225, 2, 1100, 2, 2300),
	(1467, 225, 3, 1100, 3, 2300),
	(1468, 225, 4, 1100, 4, 2300),
	(1469, 225, 5, 1100, 5, 2300),
	(1470, 225, 6, 1100, 6, 2300),
	(1471, 226, 0, 900, 0, 2300),
	(1472, 226, 1, 900, 1, 2300),
	(1473, 226, 2, 900, 2, 2300),
	(1474, 226, 3, 900, 3, 2300),
	(1475, 226, 4, 900, 4, 2300),
	(1476, 226, 5, 900, 5, 2300),
	(1477, 226, 6, 900, 6, 2300),
	(1478, 227, 0, 1100, 0, 2300),
	(1479, 227, 1, 1100, 1, 2300),
	(1480, 227, 2, 1100, 2, 2300),
	(1481, 227, 3, 1100, 3, 2300),
	(1482, 227, 4, 1100, 4, 2300),
	(1483, 227, 5, 1100, 5, 2300),
	(1484, 227, 6, 1100, 6, 2300),
	(1485, 228, 0, 1000, 1, 0),
	(1486, 228, 1, 1000, 2, 0),
	(1487, 228, 2, 1000, 3, 0),
	(1488, 228, 3, 1000, 4, 0),
	(1489, 228, 4, 1000, 5, 0),
	(1490, 228, 5, 1000, 6, 0),
	(1491, 228, 6, 1000, 0, 0),
	(1492, 229, 0, 1100, 0, 2300),
	(1493, 229, 1, 1100, 1, 2300),
	(1494, 229, 2, 1100, 2, 2300),
	(1495, 229, 3, 1100, 3, 2300),
	(1496, 229, 4, 1100, 4, 2300),
	(1497, 229, 5, 1100, 5, 2300),
	(1498, 229, 6, 1100, 6, 2300),
	(1499, 230, 0, 1100, 0, 2300),
	(1500, 230, 1, 1100, 1, 2300),
	(1501, 230, 2, 1100, 2, 2300),
	(1502, 230, 3, 1100, 3, 2300),
	(1503, 230, 4, 1100, 4, 2300),
	(1504, 230, 5, 1100, 5, 2300),
	(1505, 230, 6, 1100, 6, 2300),
	(1506, 231, 0, 1000, 0, 2300),
	(1507, 231, 1, 1000, 1, 2300),
	(1508, 231, 2, 1000, 2, 2300),
	(1509, 231, 3, 1000, 3, 2300),
	(1510, 231, 4, 1000, 4, 2300),
	(1511, 231, 5, 1000, 5, 2300),
	(1512, 231, 6, 1000, 6, 2300),
	(1513, 232, 0, 0, 0, 2359),
	(1514, 232, 1, 0, 1, 2359),
	(1515, 232, 2, 0, 2, 2359),
	(1516, 232, 3, 0, 3, 2359),
	(1517, 232, 4, 0, 4, 2359),
	(1518, 232, 5, 0, 5, 2359),
	(1519, 232, 6, 0, 6, 2359),
	(1520, 233, 0, 1600, 0, 2200),
	(1521, 233, 1, 1600, 1, 2200),
	(1522, 233, 2, 1600, 2, 2200),
	(1523, 233, 3, 1600, 3, 2200),
	(1524, 233, 4, 1600, 4, 2200),
	(1525, 233, 5, 1600, 5, 2200),
	(1526, 233, 6, 1100, 6, 2200),
	(1527, 234, 0, 1100, 1, 100),
	(1528, 234, 1, 1100, 2, 0),
	(1529, 234, 2, 1100, 3, 100),
	(1530, 234, 3, 1100, 4, 100),
	(1531, 234, 4, 1100, 5, 100),
	(1532, 234, 5, 1100, 6, 100),
	(1533, 234, 6, 1100, 0, 100),
	(1534, 235, 0, 1000, 0, 2200),
	(1535, 235, 1, 1000, 1, 2200),
	(1536, 235, 2, 1000, 2, 2200),
	(1537, 235, 3, 1000, 3, 2200),
	(1538, 235, 4, 1000, 4, 2200),
	(1539, 235, 5, 1000, 5, 2200),
	(1540, 235, 6, 1000, 6, 2200),
	(1541, 236, 0, 0, 0, 2359),
	(1542, 236, 1, 0, 1, 2359),
	(1543, 236, 2, 0, 2, 2359),
	(1544, 236, 3, 0, 3, 2359),
	(1545, 236, 4, 0, 4, 2359),
	(1546, 236, 5, 0, 5, 2359),
	(1547, 236, 6, 0, 6, 2359),
	(1548, 237, 0, 1100, 0, 2300),
	(1549, 237, 1, 1100, 1, 2300),
	(1550, 237, 2, 1100, 2, 2300),
	(1551, 237, 3, 1100, 3, 2300),
	(1552, 237, 4, 1100, 4, 2300),
	(1553, 237, 5, 1100, 5, 2300),
	(1554, 237, 6, 1100, 6, 2300),
	(1555, 239, 0, 0, 0, 2359),
	(1556, 239, 1, 0, 1, 2359),
	(1557, 239, 2, 0, 2, 2359),
	(1558, 239, 3, 0, 3, 2359),
	(1559, 239, 4, 0, 4, 2359),
	(1560, 239, 5, 0, 5, 2359),
	(1561, 239, 6, 0, 6, 2359),
	(1562, 240, 0, 800, 0, 2100),
	(1563, 240, 1, 800, 1, 2100),
	(1564, 240, 2, 800, 2, 2100),
	(1565, 240, 3, 800, 3, 2100),
	(1566, 240, 4, 800, 4, 2100),
	(1567, 240, 5, 800, 5, 2100),
	(1568, 240, 6, 800, 6, 2100),
	(1569, 241, 0, 1000, 0, 2200),
	(1570, 241, 1, 1000, 1, 2200),
	(1571, 241, 2, 1000, 2, 2200),
	(1572, 241, 3, 1000, 3, 2200),
	(1573, 241, 4, 1000, 4, 2200),
	(1574, 241, 5, 1000, 5, 2200),
	(1575, 241, 6, 1000, 6, 2200),
	(1576, 242, 0, 1000, 0, 2200),
	(1577, 242, 1, 1000, 1, 2200),
	(1578, 242, 2, 1000, 2, 2200),
	(1579, 242, 3, 1000, 3, 2200),
	(1580, 242, 4, 1000, 4, 2200),
	(1581, 242, 5, 1000, 5, 2300),
	(1582, 242, 6, 1000, 6, 2300),
	(1583, 243, 0, 600, 0, 2345),
	(1584, 243, 1, 600, 1, 2345),
	(1585, 243, 2, 600, 2, 2345),
	(1586, 243, 3, 600, 3, 2345),
	(1587, 243, 4, 600, 4, 2345),
	(1588, 243, 5, 600, 5, 2345),
	(1589, 243, 6, 600, 6, 2345),
	(1590, 244, 0, 1100, 1, 0),
	(1591, 244, 1, 1100, 2, 0),
	(1592, 244, 2, 1100, 3, 0),
	(1593, 244, 3, 1100, 4, 0),
	(1594, 244, 4, 1100, 5, 0),
	(1595, 244, 5, 1100, 6, 0),
	(1596, 244, 6, 1100, 0, 0),
	(1597, 245, 0, 1000, 0, 2300),
	(1598, 245, 1, 1000, 1, 2300),
	(1599, 245, 2, 1000, 2, 2300),
	(1600, 245, 3, 1000, 3, 2300),
	(1601, 245, 4, 1000, 4, 2300),
	(1602, 245, 5, 1000, 5, 2300),
	(1603, 245, 6, 1000, 6, 2300),
	(1604, 246, 0, 1100, 0, 2200),
	(1605, 246, 1, 1100, 1, 2200),
	(1606, 246, 2, 1100, 2, 2200),
	(1607, 246, 3, 1100, 3, 2200),
	(1608, 246, 4, 1100, 4, 2200),
	(1609, 246, 5, 1100, 5, 2200),
	(1610, 246, 6, 1100, 6, 2200),
	(1611, 247, 0, 1100, 1, 0),
	(1612, 247, 1, 1200, 2, 0),
	(1613, 247, 2, 1200, 3, 0),
	(1614, 247, 3, 1200, 4, 0),
	(1615, 247, 4, 1200, 5, 0),
	(1616, 247, 5, 1200, 6, 0),
	(1617, 247, 6, 1100, 0, 0),
	(1618, 248, 0, 1000, 0, 2200),
	(1619, 248, 1, 1100, 1, 2200),
	(1620, 248, 2, 1100, 2, 2200),
	(1621, 248, 3, 1100, 3, 2200),
	(1622, 248, 4, 1100, 4, 2200),
	(1623, 248, 5, 1100, 5, 2200),
	(1624, 248, 6, 1000, 6, 2200),
	(1625, 249, 0, 900, 0, 2100),
	(1626, 249, 1, 900, 1, 2100),
	(1627, 249, 2, 900, 2, 2100),
	(1628, 249, 3, 900, 3, 2100),
	(1629, 249, 4, 900, 4, 2100),
	(1630, 249, 5, 900, 5, 2100),
	(1631, 249, 6, 900, 6, 2100),
	(1632, 250, 0, 0, 0, 0),
	(1633, 250, 1, 800, 1, 2000),
	(1634, 250, 2, 800, 2, 2000),
	(1635, 250, 3, 800, 3, 2000),
	(1636, 250, 4, 800, 4, 2000),
	(1637, 250, 5, 800, 5, 2000),
	(1638, 250, 6, 1000, 6, 1700),
	(1639, 253, 0, 900, 0, 1830),
	(1640, 253, 1, 900, 1, 1830),
	(1641, 253, 2, 0, 2, 0),
	(1642, 253, 3, 900, 3, 1830),
	(1643, 253, 4, 900, 4, 1830),
	(1644, 253, 5, 900, 5, 1830),
	(1645, 253, 6, 900, 6, 1830),
	(1646, 254, 0, 0, 0, 0),
	(1647, 254, 1, 900, 1, 1900),
	(1648, 254, 2, 900, 2, 1900),
	(1649, 254, 3, 900, 3, 1900),
	(1650, 254, 4, 900, 4, 1900),
	(1651, 254, 5, 900, 5, 1900),
	(1652, 254, 6, 0, 6, 0),
	(1653, 255, 0, 900, 0, 1600),
	(1654, 255, 1, 800, 1, 2000),
	(1655, 255, 2, 800, 2, 2000),
	(1656, 255, 3, 800, 3, 2000),
	(1657, 255, 4, 800, 4, 2000),
	(1658, 255, 5, 800, 5, 2000),
	(1659, 255, 6, 800, 6, 2000),
	(1660, 256, 0, 900, 0, 1800),
	(1661, 256, 1, 900, 1, 1800),
	(1662, 256, 2, 900, 2, 1800),
	(1663, 256, 3, 900, 3, 1800),
	(1664, 256, 4, 900, 4, 1800),
	(1665, 256, 5, 900, 5, 1800),
	(1666, 256, 6, 900, 6, 1800),
	(1667, 257, 0, 1100, 0, 1800),
	(1668, 257, 1, 1100, 1, 1800),
	(1669, 257, 2, 1100, 2, 1800),
	(1670, 257, 3, 1100, 3, 1800),
	(1671, 257, 4, 1100, 4, 1800),
	(1672, 257, 5, 1100, 5, 1800),
	(1673, 257, 6, 1100, 6, 1800),
	(1674, 258, 0, 900, 0, 2000),
	(1675, 258, 1, 900, 1, 2000),
	(1676, 258, 2, 900, 2, 2000),
	(1677, 258, 3, 900, 3, 2000),
	(1678, 258, 4, 900, 4, 2000),
	(1679, 258, 5, 900, 5, 2000),
	(1680, 258, 6, 900, 6, 2000),
	(1681, 259, 0, 0, 0, 2359),
	(1682, 259, 1, 0, 1, 2359),
	(1683, 259, 2, 0, 2, 2359),
	(1684, 259, 3, 0, 3, 2359),
	(1685, 259, 4, 0, 4, 2359),
	(1686, 259, 5, 0, 5, 2359),
	(1687, 259, 6, 0, 6, 2359),
	(1688, 262, 0, 0, 0, 0),
	(1689, 262, 1, 900, 1, 1900),
	(1690, 262, 2, 900, 2, 1900),
	(1691, 262, 3, 900, 3, 1900),
	(1692, 262, 4, 900, 4, 1900),
	(1693, 262, 5, 900, 5, 1900),
	(1694, 262, 6, 900, 6, 1900),
	(1695, 263, 0, 0, 0, 0),
	(1696, 263, 1, 900, 1, 1620),
	(1697, 263, 2, 900, 2, 1620),
	(1698, 263, 3, 900, 3, 1620),
	(1699, 263, 4, 900, 4, 1620),
	(1700, 263, 5, 900, 5, 1620),
	(1701, 263, 6, 0, 6, 0),
	(1702, 271, 0, 900, 0, 1800),
	(1703, 271, 1, 900, 1, 1800),
	(1704, 271, 2, 900, 2, 1800),
	(1705, 271, 3, 900, 3, 1800),
	(1706, 271, 4, 900, 4, 1800),
	(1707, 271, 5, 900, 5, 1800),
	(1708, 271, 6, 900, 6, 1800),
	(1709, 272, 0, 0, 0, 2359),
	(1710, 272, 1, 0, 1, 2359),
	(1711, 272, 2, 0, 2, 2359),
	(1712, 272, 3, 0, 3, 2359),
	(1713, 272, 4, 0, 4, 2359),
	(1714, 272, 5, 0, 5, 2359),
	(1715, 272, 6, 0, 6, 2359),
	(1716, 275, 0, 0, 0, 2359),
	(1717, 275, 1, 0, 1, 2359),
	(1718, 275, 2, 0, 2, 2359),
	(1719, 275, 3, 0, 3, 2359),
	(1720, 275, 4, 0, 4, 2359),
	(1721, 275, 5, 0, 5, 2359),
	(1722, 275, 6, 0, 6, 2359),
	(1723, 276, 0, 800, 0, 2200),
	(1724, 276, 1, 800, 1, 2200),
	(1725, 276, 2, 800, 2, 2200),
	(1726, 276, 3, 800, 3, 2200),
	(1727, 276, 4, 800, 4, 2200),
	(1728, 276, 5, 800, 5, 2200),
	(1729, 276, 6, 800, 6, 2200),
	(1730, 277, 0, 0, 0, 2359),
	(1731, 277, 1, 0, 1, 2359),
	(1732, 277, 2, 0, 2, 2359),
	(1733, 277, 3, 0, 3, 2359),
	(1734, 277, 4, 0, 4, 2359),
	(1735, 277, 5, 0, 5, 2359),
	(1736, 277, 6, 0, 6, 2359),
	(1737, 278, 0, 630, 0, 1800),
	(1738, 278, 1, 730, 1, 1800),
	(1739, 278, 2, 730, 2, 1800),
	(1740, 278, 3, 730, 3, 1800),
	(1741, 278, 4, 730, 4, 1800),
	(1742, 278, 5, 730, 5, 1800),
	(1743, 278, 6, 730, 6, 1900),
	(1744, 279, 0, 0, 0, 2359),
	(1745, 279, 1, 0, 1, 2359),
	(1746, 279, 2, 0, 2, 2359),
	(1747, 279, 3, 0, 3, 2359),
	(1748, 279, 4, 0, 4, 2359),
	(1749, 279, 5, 0, 5, 2359),
	(1750, 279, 6, 0, 6, 2359),
	(1751, 280, 0, 0, 0, 2359),
	(1752, 280, 1, 0, 1, 2359),
	(1753, 280, 2, 0, 2, 2359),
	(1754, 280, 3, 0, 3, 2359),
	(1755, 280, 4, 0, 4, 2359),
	(1756, 280, 5, 0, 5, 2359),
	(1757, 280, 6, 0, 6, 2359),
	(1758, 281, 0, 0, 0, 2359),
	(1759, 281, 1, 0, 1, 2359),
	(1760, 281, 2, 0, 2, 2359),
	(1761, 281, 3, 0, 3, 2359),
	(1762, 281, 4, 0, 4, 2359),
	(1763, 281, 5, 0, 5, 2359),
	(1764, 281, 6, 0, 6, 2359),
	(1765, 282, 0, 0, 0, 2359),
	(1766, 282, 1, 0, 1, 2359),
	(1767, 282, 2, 0, 2, 2359),
	(1768, 282, 3, 0, 3, 2359),
	(1769, 282, 4, 0, 4, 2359),
	(1770, 282, 5, 0, 5, 2359),
	(1771, 282, 6, 0, 6, 2359),
	(1772, 283, 0, 0, 0, 2359),
	(1773, 283, 1, 0, 1, 2359),
	(1774, 283, 2, 0, 2, 2359),
	(1775, 283, 3, 0, 3, 2359),
	(1776, 283, 4, 0, 4, 2359),
	(1777, 283, 5, 0, 5, 2359),
	(1778, 283, 6, 0, 6, 2359),
	(1779, 284, 0, 0, 0, 2359),
	(1780, 284, 1, 0, 1, 2359),
	(1781, 284, 2, 0, 2, 2359),
	(1782, 284, 3, 0, 3, 2359),
	(1783, 284, 4, 0, 4, 2359),
	(1784, 284, 5, 0, 5, 2359),
	(1785, 284, 6, 0, 6, 2359),
	(1786, 285, 0, 600, 0, 1700),
	(1787, 285, 1, 600, 1, 1700),
	(1788, 285, 2, 600, 2, 1700),
	(1789, 285, 3, 600, 3, 1700),
	(1790, 285, 4, 600, 4, 1700),
	(1791, 285, 5, 600, 5, 1700),
	(1792, 285, 6, 600, 6, 1700),
	(1793, 286, 0, 0, 0, 2359),
	(1794, 286, 1, 0, 1, 2359),
	(1795, 286, 2, 0, 2, 2359),
	(1796, 286, 3, 0, 3, 2359),
	(1797, 286, 4, 0, 4, 2359),
	(1798, 286, 5, 0, 5, 2359),
	(1799, 286, 6, 0, 6, 2359),
	(1800, 287, 0, 0, 0, 2359),
	(1801, 287, 1, 0, 1, 2359),
	(1802, 287, 2, 0, 2, 2359),
	(1803, 287, 3, 0, 3, 2359),
	(1804, 287, 4, 0, 4, 2359),
	(1805, 287, 5, 0, 5, 2359),
	(1806, 287, 6, 0, 6, 2359),
	(1807, 288, 0, 0, 0, 2359),
	(1808, 288, 1, 0, 1, 2359),
	(1809, 288, 2, 0, 2, 2359),
	(1810, 288, 3, 0, 3, 2359),
	(1811, 288, 4, 0, 4, 2359),
	(1812, 288, 5, 0, 5, 2359),
	(1813, 288, 6, 0, 6, 2359),
	(1814, 289, 0, 0, 0, 0),
	(1815, 289, 1, 900, 1, 1900),
	(1816, 289, 2, 900, 2, 1900),
	(1817, 289, 3, 900, 3, 1900),
	(1818, 289, 4, 900, 4, 1900),
	(1819, 289, 5, 900, 5, 1900),
	(1820, 289, 6, 900, 6, 1900),
	(1821, 290, 0, 0, 0, 2359),
	(1822, 290, 1, 0, 1, 2359),
	(1823, 290, 2, 0, 2, 2359),
	(1824, 290, 3, 0, 3, 2359),
	(1825, 290, 4, 0, 4, 2359),
	(1826, 290, 5, 0, 5, 2359),
	(1827, 290, 6, 0, 6, 2359),
	(1828, 291, 0, 0, 0, 2359),
	(1829, 291, 1, 0, 1, 2359),
	(1830, 291, 2, 0, 2, 2359),
	(1831, 291, 3, 0, 3, 2359),
	(1832, 291, 4, 0, 4, 2359),
	(1833, 291, 5, 0, 5, 2359),
	(1834, 291, 6, 0, 6, 2359),
	(1835, 292, 0, 0, 0, 2359),
	(1836, 292, 1, 0, 1, 2359),
	(1837, 292, 2, 0, 2, 2359),
	(1838, 292, 3, 0, 3, 2359),
	(1839, 292, 4, 0, 4, 2359),
	(1840, 292, 5, 0, 5, 2359),
	(1841, 292, 6, 0, 6, 2359);
/*!40000 ALTER TABLE `working_periods` ENABLE KEYS */;

/*!40101 SET SQL_MODE=IFNULL(@OLD_SQL_MODE, '') */;
/*!40014 SET FOREIGN_KEY_CHECKS=IF(@OLD_FOREIGN_KEY_CHECKS IS NULL, 1, @OLD_FOREIGN_KEY_CHECKS) */;
/*!40101 SET CHARACTER_SET_CLIENT=@OLD_CHARACTER_SET_CLIENT */;
